13101-0100-13.zip	筆	H000000163	F000000163	有楽町	１丁目	道-30	図上測量()
13101-0100-17.zip	筆	H000002491	F000002491	外神田	４丁目	長狭物不明-107	図上測量()
13101-0100-17.zip	筆	H000002550	F000002550	神田淡路町	２丁目	道-56	図上測量()
13101-0100-18.zip	筆	H000003310	F000003310	神田須田町	１丁目	道-48	図上測量()
13101-0100-20.zip	筆	H000002892	F000002892	神田小川町	１丁目	11-1	図上測量()
13101-0100-22.zip	筆	H000001157	F000001157	神田松永町		道-94	図上測量()
13101-0100-22.zip	筆	H000001208	F000001208	神田和泉町		1-4	図上測量()
13101-0100-6.zip	筆	H000001488	F000001488	麹町	５丁目	道-121	図上測量()
13101-0100-9.zip	筆	H000000879	F000000879	神田錦町	３丁目	道-87	図上測量()
13101-0100-9.zip	筆	H000000915	F000000915	神田錦町	２丁目	道-85	図上測量()
13102-0100-1.zip	筆	H000002691	F000002691	湊	２丁目	道-113	図上測量()
13102-0100-14.zip	筆	H000001387	F000001387	日本橋室町	３丁目	長狭物不明-571	図上測量()
13102-0100-16.zip	筆	H000003947	F000003947	銀座	４丁目	無地番-615	図上測量()
13102-0100-16.zip	筆	H000003960	F000003960	銀座	６丁目	無地番-633	図上測量()
13102-0100-16.zip	筆	H000004009	F000004009	銀座	１丁目	無地番-538	図上測量()
13102-0100-17.zip	筆	H000000621	F000000621	新富	１丁目	101-32	図上測量(甲二)
13102-0100-18.zip	筆	H000002739	F000002739	日本橋兜町		144-1	図上測量()
13102-0100-18.zip	筆	H000002807	F000002807	日本橋兜町		道-3	図上測量()
13102-0100-19.zip	筆	H000000693	F000000693	日本橋	２丁目	無地番-360	図上測量()
13102-0100-19.zip	筆	H000000696	F000000696	日本橋	１丁目	無地番-458	図上測量()
13102-0100-2.zip	筆	H000000749	F000000749	京橋	３丁目	無地番-527	図上測量()
13102-0100-2.zip	筆	H000000791	F000000791	京橋	１丁目	無地番-519	図上測量()
13102-0100-2.zip	筆	H000000796	F000000796	京橋	２丁目	無地番-522	図上測量()
13102-0100-3.zip	筆	H000003367	F000003367	月島	１丁目	無地番-389	図上測量()
13102-0100-4.zip	筆	H000000522	F000000522	勝どき	５丁目	無地番-510	図上測量()
13102-0100-4.zip	筆	H000000538	F000000538	勝どき	４丁目	無地番-503	図上測量()
13102-0100-4.zip	筆	H000000540	F000000540	勝どき	４丁目	無地番-502	図上測量()
13102-0100-5.zip	筆	H000001324	F000001324	新川	１丁目	無地番-589	図上測量()
13102-0100-8.zip	筆	H000002665	F000002665	日本橋久松町		道-520	図上測量()
13103-0104-10.zip	筆	H000001557	F000001557	虎ノ門	５丁目	18-20	図上測量()
13103-0104-10.zip	筆	H000001602	F000001602	虎ノ門	２丁目	103-31	図上測量()
13103-0104-10.zip	筆	H000001618	F000001618	虎ノ門	１丁目	道-19	図上測量()
13103-0104-10.zip	筆	H000001726	F000001726	虎ノ門	５丁目	道-3	図上測量()
13103-0104-10.zip	筆	H000001731	F000001731	虎ノ門	１丁目	道-18888	図上測量()
13103-0104-13.zip	筆	H000003223	F000003223	高輪	２丁目	道-6	図上測量()
13103-0104-13.zip	筆	H000003349	F000003349	高輪	４丁目	17-8	図上測量()
13103-0104-13.zip	筆	H000003446	F000003446	高輪	４丁目	53-37	図上測量()
13103-0104-14.zip	筆	H000003396	F000003396	三田	５丁目	236-10	図上測量()
13103-0104-16.zip	筆	H000001207	F000001207	芝浦	２丁目	3-8	図上測量()
13103-0104-16.zip	筆	H000001213	F000001213	芝浦	２丁目	1-8	図上測量()
13103-0104-16.zip	筆	H000001274	F000001274	芝浦	４丁目	1-12W1	図上測量()
13103-0104-17.zip	筆	H000000893	F000000893	芝公園	２丁目	道-6	図上測量()
13103-0104-18.zip	筆	H000002573	F000002573	新橋	４丁目	長狭物不明-5	図上測量()
13103-0104-18.zip	筆	H000002583	F000002583	新橋	４丁目	長狭物不明-6	図上測量()
13103-0104-19.zip	筆	H000003108	F000003108	西麻布	３丁目	長狭物不明-39	図上測量()
13103-0104-27.zip	筆	H000003461	F000003461	白金	３丁目	長狭物不明-56	図上測量()
13103-0104-28.zip	筆	H000003569	F000003569	白金台	３丁目	長狭物不明-34	図上測量()
13103-0104-31.zip	筆	H000000564	F000000564	麻布台	１丁目	道-5	図上測量()
13103-0104-33.zip	筆	H000002871	F000002871	六本木	３丁目	長狭物不明-36	図上測量()
13103-0104-5.zip	筆	H000001290	F000001290	西新橋	１丁目	長狭物不明-8	図上測量()
13103-0104-6.zip	筆	H000000837	F000000837	浜松町	１丁目	道-2	図上測量()
13103-0104-8.zip	筆	H000000992	F000000992	海岸	３丁目	7-1V2	図上測量()
13103-0104-9.zip	筆	H000001141	F000001141	元麻布	３丁目	道-5	図上測量()
13104-0111-12.zip	筆	H000004331	F000004331	戸山	１丁目	42-1W1	図上測量()
13104-0111-17.zip	筆	H000001619	F000001619	納戸町		長狭物不明-11	図上測量()
13104-0111-18.zip	筆	H000003292	F000003292	荒木町		11-7	図上測量()
13104-0111-20.zip	筆	H000005742	F000005742	高田馬場	４丁目	長狭物不明-145	図上測量()
13104-0111-21.zip	筆	H000003114	F000003114	山吹町		長狭物不明-39	図上測量()
13104-0111-23.zip	筆	H000001367	F000001367	市谷薬王寺町		長狭物不明-4	図上測量()
13104-0111-27.zip	筆	H000004845	F000004845	西新宿	６丁目	666-1	図上測量()
13104-0111-27.zip	筆	H000005080	F000005080	西新宿	５丁目	長狭物不明-94	図上測量()
13104-0111-28.zip	筆	H000003516	F000003516	西落合	４丁目	長狭物不明-160	図上測量()
13104-0111-28.zip	筆	H000003557	F000003557	西落合	４丁目	長狭物不明-162	図上測量()
13104-0111-28.zip	筆	H000003805	F000003805	西落合	２丁目	長狭物不明-82	図上測量()
13104-0111-30.zip	筆	H000003062	F000003062	大久保	３丁目	170-1W1	図上測量()
13104-0111-30.zip	筆	H000003160	F000003160	大久保	２丁目	95-2	図上測量()
13104-0111-32.zip	筆	H000001789	F000001789	中井	１丁目	長狭物不明-50	図上測量()
13104-0111-35.zip	筆	H000004367	F000004367	北新宿	２丁目	523-28	図上測量()
13104-0111-9.zip	筆	H000001064	F000001064	神楽坂	２丁目	20-1	図上測量()
13105-0100-11.zip	筆	H000002209	F000002209	小石川	４丁目	長狭物不明-51	図上測量()
13105-0100-13.zip	筆	H000004812	F000004812	千石	２丁目	長狭物不明-23	図上測量()
13105-0100-13.zip	筆	H000004926	F000004926	千石	２丁目	70-8	図上測量()
13105-0100-14.zip	筆	H000005493	F000005493	千駄木	４丁目	279-1	図上測量()
13105-0100-15.zip	筆	H000004077	F000004077	大塚	６丁目	長狭物不明-55	図上測量()
13105-0100-16.zip	筆	H000002232	F000002232	湯島	３丁目	長狭物不明-14	図上測量()
13105-0100-17.zip	筆	H000005535	F000005535	白山	３丁目	長狭物不明-39	図上測量()
13105-0100-5.zip	筆	H000001900	F000001900	向丘	２丁目	長狭物不明-22	図上測量()
13105-0100-5.zip	筆	H000001957	F000001957	向丘	２丁目	長狭物不明-9	図上測量()
13105-0100-8.zip	筆	H000001764	F000001764	西片	２丁目	10-40W1	図上測量()
13105-0100-8.zip	筆	H000001803	F000001803	西片	２丁目	長狭物不明-12	図上測量()
13105-0100-8.zip	筆	H000001856	F000001856	西片	１丁目	10-49	図上測量()
13105-0100-9.zip	筆	H000000474	F000000474	弥生	２丁目	6-60	図上測量()
13106-0105-107.zip	筆	H000000480	F000000480	池之端	４丁目	13	図上測量()
13106-0105-118.zip	筆	H000000306	F000000306	東浅草	１丁目	道-2	図上測量()
13106-0105-122.zip	筆	H000000665	F000000665	入谷	１丁目	道-1	図上測量()
13106-0105-123.zip	筆	H000000259	F000000259	北上野	１丁目	道-1	図上測量()
13106-0105-124.zip	筆	H000000545	F000000545	北上野	２丁目	道-1	図上測量()
13106-0105-131.zip	筆	H000000805	F000000805	竜泉	３丁目	道-1	図上測量()
13106-0105-136.zip	筆	H000000524	F000000524	浅草橋	５丁目	道-2	図上測量()
13106-0105-139.zip	筆	H000000316	F000000316	雷門	２丁目	12-6	図上測量()
13106-0105-2.zip	筆	H000000547	F000000547	下谷	２丁目	道-2	図上測量()
13106-0105-21.zip	筆	H000000774	F000000774	今戸	２丁目	道-1	図上測量()
13106-0105-4.zip	筆	H000000276	F000000276	花川戸	１丁目	道-1	図上測量()
13106-0105-51.zip	筆	H000000256	F000000256	上野	３丁目	道-1	図上測量()
13106-0105-57.zip	筆	H000000082	F000000082	上野公園		1-2	図上測量()
13106-0105-65.zip	筆	H000000513	F000000513	西浅草	２丁目	道-2	図上測量()
13106-0105-8.zip	筆	H000000618	F000000618	橋場	１丁目	道-3	図上測量()
13106-0105-93.zip	筆	H000000529	F000000529	台東	４丁目	道-1	図上測量()
13106-0105-96.zip	筆	H000000754	F000000754	谷中	３丁目	98-1	図上測量()
13107-0106-13.zip	筆	H000005895	F000005895	墨田	５丁目	道-42	()
13107-0106-13.zip	筆	H000007239	F000007239	墨田	４丁目	26-1	図上測量()
13107-0106-13.zip	筆	H000007311	F000007311	墨田	３丁目	道-17	図上測量()
13107-0106-17.zip	筆	H000002524	F000002524	押上	３丁目	61	図上測量()
13107-0106-18.zip	筆	H000003769	F000003769	京島	３丁目	154-1	図上測量()
13107-0106-18.zip	筆	H000004333	F000004333	京島	２丁目	90	図上測量()
13107-0106-19.zip	筆	H000003675	F000003675	向島	２丁目	道-9	図上測量()
13107-0106-23.zip	筆	H000005816	F000005816	東向島	３丁目	道-18	()
13107-0106-23.zip	筆	H000007286	F000007286	東向島	１丁目	道-1	図上測量()
13107-0106-25.zip	筆	H000008771	F000008771	八広	３丁目	道-36	図上測量()
13107-0106-25.zip	筆	H000009011	F000009011	八広	１丁目	道-7	図上測量()
13107-0106-25.zip	筆	H000009579	F000009579	八広	３丁目	道-34	図上測量()
13107-0106-25.zip	筆	H000009592	F000009592	八広	５丁目	道-49	図上測量()
13107-0106-33.zip	筆	H000000511	F000000511	東向島	２丁目	筆界未定地-6	測量成果(甲一)
13107-0106-5.zip	筆	H000001730	F000001730	業平	４丁目	道-8	図上測量()
13108-0106-26.zip	筆	H000002860	F000002860	大島	２丁目	757-1	図上測量()
13108-0106-31.zip	筆	H000002346	F000002346	東陽	５丁目	道-20	()
13108-0106-40.zip	筆	H000001852	F000001852	木場	２丁目	道-5	図上測量()
13108-0106-44.zip	筆	H000000829	F000000829	永代	２丁目	道-1	()
13108-0106-44.zip	筆	H000000923	F000000923	永代	２丁目	道-3	()
13108-0106-48.zip	筆	H000002568	F000002568	亀戸	５丁目	長狭物不明-8	図上測量()
13108-0106-5.zip	筆	H000001457	F000001457	亀戸	７丁目	151-79	図上測量()
13108-0106-57.zip	筆	H000002084	F000002084	大島	５丁目	397-1	図上測量()
13108-0106-60.zip	筆	H000004853	F000004853	東砂	２丁目	299-1	図上測量()
13108-0106-62.zip	筆	H000001359	F000001359	南砂	２丁目	道-38	図上測量()
13108-0106-62.zip	筆	H000001432	F000001432	南砂	１丁目	道-1	()
13108-0106-63.zip	筆	H000003248	F000003248	南砂	４丁目	水-14	図上測量()
13108-0106-63.zip	筆	H000003253	F000003253	南砂	４丁目	701-12	図上測量()
13108-0106-69.zip	筆	H000000059	F000000059	青海	１丁目	2-50	図上測量()
13108-0106-79.zip	筆	H000000063	F000000063	豊洲	６丁目	105-6	測量成果(甲二)
13108-0106-8.zip	筆	H000000487	F000000487	佐賀	２丁目	道-6	()
13109-0107-101.zip	筆	H000001012	F000001012	二葉	１丁目	道-4	図上測量()
13109-0107-103.zip	筆	H000000422	F000000422	二葉	４丁目	水-15	図上測量()
13109-0107-107.zip	筆	H000000681	F000000681	平塚	３丁目	773-37W1	図上測量()
13109-0107-107.zip	筆	H000000765	F000000765	平塚	３丁目	道-3	図上測量()
13109-0107-111.zip	筆	H000000784	F000000784	豊町	４丁目	172-1	図上測量()
13109-0107-111.zip	筆	H000000822	F000000822	豊町	４丁目	道-5	図上測量()
13109-0107-117.zip	筆	H000000433	F000000433	北品川	４丁目	303-1	図上測量()
13109-0107-124.zip	筆	H000000639	F000000639	戸越	４丁目	水-3	図上測量()
13109-0107-125.zip	筆	H000000735	F000000735	戸越	６丁目	道-2	図上測量()
13109-0107-127.zip	筆	H000000774	F000000774	小山	５丁目	道-2	図上測量()
13109-0107-128.zip	筆	H000001828	F000001828	小山台	１丁目	道-5	図上測量()
13109-0107-138.zip	筆	H000001146	F000001146	大井	５丁目	道-6	図上測量()
13109-0107-138.zip	筆	H000001323	F000001323	大井	５丁目	道-2	図上測量()
13109-0107-138.zip	筆	H000001362	F000001362	大井	５丁目	道-5	図上測量()
13109-0107-14.zip	筆	H000000861	F000000861	旗の台	６丁目	道-5	図上測量()
13109-0107-142.zip	筆	H000000252	F000000252	東五反田	２丁目	462-2	図上測量()
13109-0107-143.zip	筆	H000000711	F000000711	東五反田	３丁目	道-3	図上測量()
13109-0107-145.zip	筆	H000000694	F000000694	南品川	２丁目	道-2	図上測量()
13109-0107-17.zip	筆	H000000889	F000000889	戸越	５丁目	道-5	図上測量()
13109-0107-180.zip	筆	H000000215	F000000215	小山	３丁目	筆界未定地-2	測量成果(甲一)
13109-0107-40.zip	筆	H000000662	F000000662	西大井	１丁目	道-8	図上測量()
13109-0107-41.zip	筆	H000001185	F000001185	西大井	２丁目	道-4	図上測量()
13109-0107-42.zip	筆	H000000934	F000000934	西大井	３丁目	道-4	図上測量()
13109-0107-45.zip	筆	H000000716	F000000716	西中延	３丁目	道-1	図上測量()
13109-0107-50.zip	筆	H000001184	F000001184	大井	３丁目	道-2	図上測量()
13109-0107-53.zip	筆	H000000867	F000000867	大井	６丁目	道-2	図上測量()
13109-0107-53.zip	筆	H000000955	F000000955	大井	６丁目	道-3	図上測量()
13109-0107-57.zip	筆	H000000830	F000000830	大崎	３丁目	197-1	図上測量()
13109-0107-57.zip	筆	H000000906	F000000906	大崎	３丁目	道-3	図上測量()
13109-0107-58.zip	筆	H000000809	F000000809	大崎	４丁目	道-1	図上測量()
13109-0107-60.zip	筆	H000000515	F000000515	中延	１丁目	33-1	図上測量()
13109-0107-62.zip	筆	H000000413	F000000413	中延	４丁目	道-2	図上測量()
13109-0107-62.zip	筆	H000000453	F000000453	中延	４丁目	水-21	図上測量()
13109-0107-68.zip	筆	H000000716	F000000716	東五反田	５丁目	57-10	図上測量()
13109-0107-72.zip	筆	H000000296	F000000296	東大井	３丁目	道-1	図上測量()
13109-0107-73.zip	筆	H000000892	F000000892	東大井	３丁目	道-4	図上測量()
13109-0107-78.zip	筆	H000000507	F000000507	東大井	５丁目	道-3	図上測量()
13109-0107-80.zip	筆	H000000525	F000000525	東中延	１丁目	382-9	図上測量()
13109-0107-98.zip	筆	H000001203	F000001203	南品川	５丁目	道-7	図上測量()
13110-0110-127.zip	筆	H000000453	F000000453	東山	１丁目	道-4	図上測量()
13110-0110-158.zip	筆	H000000640	F000000640	碑文谷	５丁目	道-9	図上測量()
13110-0110-158.zip	筆	H000000779	F000000779	碑文谷	５丁目	道-4	図上測量()
13110-0110-158.zip	筆	H000000787	F000000787	碑文谷	５丁目	道-7	図上測量()
13110-0110-160.zip	筆	H000000220	F000000220	碑文谷	６丁目	149-2	図上測量()
13110-0110-177.zip	筆	H000000971	F000000971	目黒本町	３丁目	道-8-1	図上測量()
13110-0110-205.zip	筆	H000000765	F000000765	上目黒	３丁目	道-4	図上測量()
13110-0110-208.zip	筆	H000000672	F000000672	中央町	２丁目	2671-2	図上測量()
13110-0110-217.zip	筆	H000001079	F000001079	東が丘	１丁目	30-1	図上測量()
13110-0110-229.zip	筆	H000000363	F000000363	五本木	２丁目	2605-2	測量成果(甲一)
13111-0108-14.zip	筆	H000003220	F000003220	鵜の木	１丁目	250-2	図上測量()
13111-0108-15.zip	筆	H000003068	F000003068	下丸子	３丁目	523-2	図上測量()
13111-0108-16.zip	筆	H000004740	F000004740	蒲田	４丁目	54-2	図上測量()
13111-0108-16.zip	筆	H000005366	F000005366	蒲田	１丁目	道-1	図上測量()
13111-0108-17.zip	筆	H000001162	F000001162	蒲田本町	２丁目	道-20	図上測量()
13111-0108-17.zip	筆	H000001224	F000001224	蒲田本町	１丁目	4-21	図上測量()
13111-0108-18.zip	筆	H000000961	F000000961	西嶺町		道-1	図上測量()
13111-0108-19.zip	筆	H000003538	F000003538	久が原	１丁目	道-4	図上測量()
13111-0108-21.zip	筆	H000006460	F000006460	山王	３丁目	道-53	図上測量()
13111-0108-21.zip	筆	H000006837	F000006837	山王	１丁目	道-10	図上測量()
13111-0108-28.zip	筆	H000003519	F000003519	西六郷	１丁目	6-26	図上測量()
13111-0108-28.zip	筆	H000004489	F000004489	西六郷	２丁目	道-12	図上測量()
13111-0108-29.zip	筆	H000005060	F000005060	西糀谷	４丁目	水-144	図上測量()
13111-0108-29.zip	筆	H000005080	F000005080	西糀谷	４丁目	道-45	図上測量()
13111-0108-29.zip	筆	H000005417	F000005417	西糀谷	４丁目	道-39	図上測量()
13111-0108-29.zip	筆	H000005739	F000005739	西糀谷	３丁目	道-31	図上測量()
13111-0108-33.zip	筆	H000007007	F000007007	大森西	６丁目	道-43	図上測量()
13111-0108-33.zip	筆	H000007463	F000007463	大森西	５丁目	道-34	図上測量()
13111-0108-33.zip	筆	H000008008	F000008008	大森西	５丁目	道-37	図上測量()
13111-0108-34.zip	筆	H000002169	F000002169	大森中	２丁目	246-1	図上測量()
13111-0108-35.zip	筆	H000004495	F000004495	大森東	１丁目	道-2	図上測量()
13111-0108-41.zip	筆	H000008929	F000008929	中央	２丁目	道-26	図上測量()
13111-0108-41.zip	筆	H000009113	F000009113	中央	２丁目	道-21	図上測量()
13111-0108-41.zip	筆	H000009126	F000009126	中央	２丁目	道-32	図上測量()
13111-0108-43.zip	筆	H000002941	F000002941	仲六郷	３丁目	9-1	図上測量()
13111-0108-43.zip	筆	H000003804	F000003804	仲六郷	４丁目	道-25	図上測量()
13111-0108-46.zip	筆	H000001983	F000001983	田園調布本町		39-6	図上測量()
13111-0108-47.zip	筆	H000000331	F000000331	東海	６丁目	13	図上測量()
13111-0108-47.zip	筆	H000000342	F000000342	東海	２丁目	14-4	図上測量(甲二)
13111-0108-47.zip	筆	H000000345	F000000345	東海	２丁目	14-7	図上測量(甲二)
13111-0108-47.zip	筆	H000000355	F000000355	東海	２丁目	14-2	図上測量(甲二)
13111-0108-5.zip	筆	H000002146	F000002146	中馬込	３丁目	道-20	図上測量()
13111-0108-52.zip	筆	H000002295	F000002295	東糀谷	５丁目	水-62	図上測量()
13111-0108-55.zip	筆	H000002728	F000002728	南雪谷	５丁目	道-33	図上測量()
13111-0108-55.zip	筆	H000003197	F000003197	南雪谷	３丁目	道-20	図上測量()
13111-0108-56.zip	筆	H000002629	F000002629	南千束	１丁目	水-2	図上測量()
13111-0108-57.zip	筆	H000002198	F000002198	萩中	１丁目	3-10	図上測量()
13111-0108-58.zip	筆	H000003514	F000003514	南馬込	３丁目	道-47	図上測量()
13111-0108-59.zip	筆	H000003336	F000003336	南馬込	６丁目	道-32	図上測量()
13111-0108-59.zip	筆	H000003575	F000003575	南馬込	５丁目	水-37	図上測量()
13111-0108-59.zip	筆	H000003576	F000003576	南馬込	５丁目	水-39	図上測量()
13111-0108-59.zip	筆	H000003615	F000003615	南馬込	５丁目	道-18	図上測量()
13111-0108-59.zip	筆	H000003961	F000003961	南馬込	５丁目	水-40	図上測量()
13111-0108-59.zip	筆	H000004006	F000004006	南馬込	５丁目	道-24	図上測量()
13111-0108-60.zip	筆	H000000252	F000000252	平和島	６丁目	6-1W1	図上測量()
13111-0108-61.zip	筆	H000004345	F000004345	北千束	３丁目	635-2	図上測量()
13111-0108-64.zip	筆	H000003157	F000003157	矢口	３丁目	無地番-3	図上測量()
13111-0108-64.zip	筆	H000003239	F000003239	矢口	３丁目	道-25	図上測量()
13111-0108-66.zip	筆	H000001134	F000001134	大森本町	２丁目	6477-107	図上測量()
13111-0108-7.zip	筆	H000001768	F000001768	東蒲田	２丁目	道-1	図上測量()
13112-0109-10.zip	筆	H000006318	F000006318	下馬	１丁目	長狭物不明-47	図上測量()
13112-0109-10.zip	筆	H000006600	F000006600	下馬	２丁目	259-1W1	図上測量()
13112-0109-10.zip	筆	H000006756	F000006756	下馬	２丁目	322-1V2	図上測量()
13112-0109-107.zip	筆	H000002987	F000002987	若林	１丁目	長狭物不明-2	図上測量()
13112-0109-13.zip	筆	H000003325	F000003325	喜多見	６丁目	長狭物不明-174	図上測量()
13112-0109-13.zip	筆	H000003362	F000003362	喜多見	４丁目	長狭物不明-17	図上測量()
13112-0109-13.zip	筆	H000003430	F000003430	喜多見	４丁目	長狭物不明-23	図上測量()
13112-0109-13.zip	筆	H000003442	F000003442	喜多見	５丁目	長狭物不明-661	図上測量()
13112-0109-13.zip	筆	H000003467	F000003467	喜多見	４丁目	長狭物不明-7	図上測量()
13112-0109-14.zip	筆	H000003274	F000003274	喜多見	９丁目	1927-15	図上測量()
13112-0109-17.zip	筆	H000003309	F000003309	宮坂	３丁目	長狭物不明-100	図上測量()
13112-0109-17.zip	筆	H000003355	F000003355	宮坂	２丁目	無地番-9999	図上測量()
13112-0109-17.zip	筆	H000003359	F000003359	宮坂	３丁目	道-2	図上測量()
13112-0109-17.zip	筆	H000003401	F000003401	宮坂	３丁目	道-104004	図上測量()
13112-0109-17.zip	筆	H000003465	F000003465	宮坂	２丁目	道-1	図上測量()
13112-0109-18.zip	筆	H000002867	F000002867	玉川	３丁目	長狭物不明-113	図上測量()
13112-0109-19.zip	筆	H000001236	F000001236	玉川台	１丁目	無地番-1	図上測量()
13112-0109-23.zip	筆	H000005516	F000005516	経堂	１丁目	長狭物不明-1	図上測量()
13112-0109-25.zip	筆	H000001863	F000001863	豪徳寺	１丁目	道-34608	図上測量()
13112-0109-25.zip	筆	H000001946	F000001946	豪徳寺	１丁目	道-34609	図上測量()
13112-0109-26.zip	筆	H000002939	F000002939	桜	１丁目	長狭物不明-37	図上測量()
13112-0109-27.zip	筆	H000004577	F000004577	桜丘	３丁目	道-43913	図上測量()
13112-0109-27.zip	筆	H000005691	F000005691	桜丘	４丁目	道-1	図上測量()
13112-0109-28.zip	筆	H000004623	F000004623	桜上水	３丁目	長狭物不明-100	図上測量()
13112-0109-28.zip	筆	H000005464	F000005464	桜上水	２丁目	道-1	図上測量()
13112-0109-30.zip	筆	H000002639	F000002639	三軒茶屋	１丁目	道-2	図上測量()
13112-0109-37.zip	筆	H000006233	F000006233	上馬	４丁目	長狭物不明-91	図上測量()
13112-0109-38.zip	筆	H000005035	F000005035	上北沢	５丁目	道-87	図上測量()
13112-0109-38.zip	筆	H000005720	F000005720	上北沢	２丁目	981-2	図上測量()
13112-0109-38.zip	筆	H000005752	F000005752	上北沢	２丁目	911-2	図上測量()
13112-0109-38.zip	筆	H000005757	F000005757	上北沢	２丁目	747-2	()
13112-0109-39.zip	筆	H000003291	F000003291	上野毛	４丁目	長狭物不明-35	図上測量()
13112-0109-41.zip	筆	H000002337	F000002337	新町	１丁目	長狭物不明-21	図上測量()
13112-0109-41.zip	筆	H000002676	F000002676	新町	１丁目	長狭物不明-27	図上測量()
13112-0109-42.zip	筆	H000003286	F000003286	深沢	３丁目	6-351W1	図上測量()
13112-0109-42.zip	筆	H000003596	F000003596	深沢	３丁目	6-351W2	図上測量()
13112-0109-44.zip	筆	H000002803	F000002803	世田谷	４丁目	長狭物不明-1-2	図上測量()
13112-0109-46.zip	筆	H000003056	F000003056	成城	３丁目	長狭物不明-170	図上測量()
13112-0109-46.zip	筆	H000003251	F000003251	成城	１丁目	長狭物不明-45	図上測量()
13112-0109-47.zip	筆	H000003215	F000003215	成城	６丁目	長狭物不明-95	図上測量()
13112-0109-48.zip	筆	H000002727	F000002727	成城	８丁目	981-3	図上測量()
13112-0109-50.zip	筆	H000003966	F000003966	赤堤	５丁目	筆界未定地-6	図上測量()
13112-0109-51.zip	筆	H000003595	F000003595	千歳台	６丁目	588-1	図上測量()
13112-0109-53.zip	筆	H000002890	F000002890	船橋	１丁目	道-165004	図上測量()
13112-0109-56.zip	筆	H000004744	F000004744	太子堂	１丁目	1-1W2	図上測量()
13112-0109-57.zip	筆	H000005578	F000005578	代沢	２丁目	道-63826	図上測量()
13112-0109-59.zip	筆	H000003568	F000003568	代田	４丁目	道-1	図上測量()
13112-0109-60.zip	筆	H000003385	F000003385	大原	２丁目	道-16	図上測量()
13112-0109-61.zip	筆	H000000954	F000000954	大蔵	４丁目	159-20	図上測量()
13112-0109-62.zip	筆	H000003839	F000003839	池尻	３丁目	長狭物不明-42	図上測量()
13112-0109-63.zip	筆	H000003457	F000003457	中町	２丁目	1-5	図上測量()
13112-0109-63.zip	筆	H000004165	F000004165	中町	２丁目	長狭物不明-3	図上測量()
13112-0109-65.zip	筆	H000002904	F000002904	等々力	４丁目	44-3	図上測量()
13112-0109-66.zip	筆	H000003938	F000003938	等々力	７丁目	長狭物不明-27-1	図上測量()
13112-0109-67.zip	筆	H000005853	F000005853	南烏山	４丁目	無地番-55	図上測量()
13112-0109-67.zip	筆	H000005950	F000005950	南烏山	１丁目	117-69	図上測量()
13112-0109-68.zip	筆	H000002124	F000002124	梅丘	２丁目	道-1	図上測量()
13112-0109-69.zip	筆	H000003197	F000003197	粕谷	３丁目	長狭物不明-188	図上測量()
13112-0109-69.zip	筆	H000003381	F000003381	粕谷	２丁目	長狭物不明-165	図上測量()
13112-0109-69.zip	筆	H000003588	F000003588	粕谷	２丁目	長狭物不明-17-1	図上測量()
13112-0109-69.zip	筆	H000003759	F000003759	粕谷	４丁目	522-34	図上測量()
13112-0109-7.zip	筆	H000005212	F000005212	奥沢	２丁目	道-1	図上測量()
13112-0109-72.zip	筆	H000005250	F000005250	北烏山	４丁目	1436-1	図上測量()
13112-0109-73.zip	筆	H000005015	F000005015	北烏山	９丁目	2049-1	図上測量()
13112-0109-74.zip	筆	H000008023	F000008023	北沢	２丁目	978-35	図上測量()
13112-0109-74.zip	筆	H000008175	F000008175	北沢	２丁目	道-29603-2	図上測量()
13112-0109-74.zip	筆	H000008220	F000008220	北沢	２丁目	1052-4	図上測量()
13112-0109-75.zip	筆	H000003847	F000003847	野沢	１丁目	23-1	図上測量()
13112-0109-75.zip	筆	H000003947	F000003947	野沢	３丁目	長狭物不明-38	図上測量()
13112-0109-76.zip	筆	H000001775	F000001775	野毛	２丁目	長狭物不明-26	図上測量()
13112-0109-77.zip	筆	H000003083	F000003083	用賀	１丁目	長狭物不明-21	図上測量()
13112-0109-78.zip	筆	H000004101	F000004101	給田	４丁目	898-1	図上測量()
13112-0109-80.zip	筆	H000004649	F000004649	松原	６丁目	286-5	図上測量()
13112-0109-80.zip	筆	H000005034	F000005034	松原	５丁目	道-100823	図上測量()
13112-0109-85.zip	筆	H000000077	F000000077	若林	４丁目	292-43	測量成果(甲一)
13112-0109-9.zip	筆	H000002680	F000002680	岡本	３丁目	道-148155	図上測量()
13113-0110-17.zip	筆	H000000972	F000000972	大山町		道-36	図上測量()
13113-0110-19.zip	筆	H000001515	F000001515	代々木	５丁目	86-10	図上測量()
13113-0110-34.zip	筆	H000004564	F000004564	笹塚	２丁目	道-276	図上測量()
13113-0110-37.zip	筆	H000001837	F000001837	神宮前	２丁目	長狭物不明-379	図上測量()
13113-0110-39.zip	筆	H000001400	F000001400	千駄ケ谷	４丁目	道-397	図上測量()
13113-0110-86.zip	筆	H000000093	F000000093	道玄坂	２丁目	42-1	図上測量()
13113-0110-95.zip	筆	H000000016	F000000016	千駄ケ谷	３丁目	503-2W1	測量成果(甲一)
13113-0110-95.zip	筆	H000000895	F000000895	千駄ケ谷	３丁目	485-1	測量成果(甲一)
13113-0110-95.zip	筆	H000001069	F000001069	千駄ケ谷	３丁目	303-129	測量成果(甲一)
13114-0112-10.zip	筆	H000006456	F000006456	鷺宮	４丁目	1191	図上測量()
13114-0112-11.zip	筆	H000005203	F000005203	若宮	２丁目	長狭物不明-76	図上測量()
13114-0112-13.zip	筆	H000005402	F000005402	沼袋	３丁目	長狭物不明-63	図上測量()
13114-0112-14.zip	筆	H000005649	F000005649	上高田	４丁目	道-11	図上測量()
13114-0112-14.zip	筆	H000006506	F000006506	上高田	４丁目	道-9	図上測量()
13114-0112-15.zip	筆	H000004638	F000004638	上鷺宮	２丁目	325-1	図上測量()
13114-0112-18.zip	筆	H000006074	F000006074	東中野	４丁目	58-42	図上測量()
13114-0112-20.zip	筆	H000003119	F000003119	本町	１丁目	道-5	図上測量()
13114-0112-22.zip	筆	H000005058	F000005058	野方	２丁目	長狭物不明-43	図上測量()
13114-0112-4.zip	筆	H000003993	F000003993	中野	５丁目	道-9	図上測量()
13114-0112-6.zip	筆	H000005314	F000005314	弥生町	１丁目	19-70	図上測量()
13114-0112-6.zip	筆	H000005388	F000005388	弥生町	４丁目	道-16	図上測量()
13114-0112-8.zip	筆	H000002856	F000002856	江原町	１丁目	道-1	図上測量()
13115-0113-1.zip	筆	H000006320	F000006320	阿佐谷南	２丁目	道-24	図上測量()
13115-0113-1.zip	筆	H000006792	F000006792	阿佐谷南	１丁目	101-4	図上測量()
13115-0113-11.zip	筆	H000006844	F000006844	荻窪	４丁目	289-1	図上測量()
13115-0113-11.zip	筆	H000007703	F000007703	荻窪	５丁目	137-5	図上測量()
13115-0113-12.zip	筆	H000006501	F000006501	下井草	４丁目	道-30	図上測量()
13115-0113-13.zip	筆	H000007969	F000007969	下高井戸	３丁目	長狭物不明-91	図上測量()
13115-0113-13.zip	筆	H000008951	F000008951	下高井戸	３丁目	長狭物不明-74	図上測量()
13115-0113-13.zip	筆	H000009492	F000009492	下高井戸	３丁目	長狭物不明-76	図上測量()
13115-0113-14.zip	筆	H000008801	F000008801	久我山	３丁目	661-1W1	図上測量()
13115-0113-16.zip	筆	H000007083	F000007083	高井戸東	４丁目	1888-39	図上測量()
13115-0113-16.zip	筆	H000007703	F000007703	高井戸東	１丁目	1415-1X(2/2)	図上測量()
13115-0113-17.zip	筆	H000007546	F000007546	高円寺南	３丁目	道-39	図上測量()
13115-0113-17.zip	筆	H000007855	F000007855	高円寺南	３丁目	道-41	図上測量()
13115-0113-17.zip	筆	H000009412	F000009412	高円寺南	２丁目	道-15	図上測量()
13115-0113-18.zip	筆	H000004282	F000004282	高円寺北	３丁目	1003-23	図上測量()
13115-0113-18.zip	筆	H000004595	F000004595	高円寺北	３丁目	1028-75	図上測量()
13115-0113-2.zip	筆	H000003100	F000003100	高井戸西	１丁目	1035-1	図上測量()
13115-0113-2.zip	筆	H000003110	F000003110	高井戸西	１丁目	1115-1	図上測量()
13115-0113-2.zip	筆	H000003857	F000003857	高井戸西	２丁目	2092-2	図上測量()
13115-0113-22.zip	筆	H000004911	F000004911	上井草	２丁目	道-15	図上測量()
13115-0113-23.zip	筆	H000003552	F000003552	上荻	４丁目	70-40	図上測量()
13115-0113-28.zip	筆	H000004908	F000004908	善福寺	４丁目	195-83	図上測量()
13115-0113-29.zip	筆	H000005654	F000005654	天沼	３丁目	長狭物不明-71	図上測量()
13115-0113-3.zip	筆	H000004018	F000004018	上高井戸	１丁目	319-6	図上測量()
13115-0113-3.zip	筆	H000004363	F000004363	上高井戸	１丁目	長狭物不明-67	図上測量()
13115-0113-32.zip	筆	H000003183	F000003183	方南	２丁目	447-15W1	図上測量()
13115-0113-32.zip	筆	H000003424	F000003424	方南	１丁目	道-4	図上測量()
13115-0113-32.zip	筆	H000003848	F000003848	方南	１丁目	133-1	図上測量()
13115-0113-33.zip	筆	H000006805	F000006805	堀ノ内	２丁目	長狭物不明-135	図上測量()
13115-0113-35.zip	筆	H000008896	F000008896	和泉	３丁目	771-1	図上測量()
13115-0113-35.zip	筆	H000009598	F000009598	和泉	１丁目	148-1	図上測量()
13115-0113-35.zip	筆	H000010120	F000010120	和泉	２丁目	長狭物不明-2	図上測量()
13115-0113-35.zip	筆	H000010972	F000010972	和泉	２丁目	道-11	図上測量()
13115-0113-8.zip	筆	H000008962	F000008962	阿佐谷北	６丁目	93-5	図上測量()
13116-0133-102.zip	筆	H000000166	F000000166	南池袋	２丁目	道-1	図上測量()
13116-0133-28.zip	筆	H000000108	F000000108	南池袋	２丁目	238-2	図上測量()
13116-0133-43.zip	筆	H000001895	F000001895	高松	３丁目	道-5	図上測量()
13116-0133-51.zip	筆	H000001280	F000001280	上池袋	４丁目	道-5	図上測量()
13116-0133-55.zip	筆	H000003282	F000003282	西池袋	３丁目	道-10	図上測量()
13116-0133-69.zip	筆	H000002849	F000002849	長崎	６丁目	道-7	図上測量()
13116-0133-69.zip	筆	H000002886	F000002886	長崎	３丁目	道-1	図上測量()
13116-0133-70.zip	筆	H000001608	F000001608	長崎	５丁目	道-8	図上測量()
13116-0133-71.zip	筆	H000001795	F000001795	東池袋	１丁目	24-2	図上測量()
13116-0133-78.zip	筆	H000003865	F000003865	目白	３丁目	41-1	図上測量()
13116-0133-78.zip	筆	H000003878	F000003878	目白	５丁目	道-37	図上測量()
13116-0133-78.zip	筆	H000004032	F000004032	目白	４丁目	道-3	図上測量()
13116-0133-78.zip	筆	H000004110	F000004110	目白	２丁目	3534-27	図上測量()
13116-0133-9.zip	筆	H000000343	F000000343	高松	２丁目	道-1	図上測量()
13117-0115-1.zip	筆	H000000754	F000000754	王子	５丁目	道-1	図上測量()
13117-0115-10.zip	筆	H000003803	F000003803	神谷	２丁目	道-7	図上測量()
13117-0115-10.zip	筆	H000003887	F000003887	神谷	２丁目	道-8	図上測量()
13117-0115-10.zip	筆	H000003894	F000003894	神谷	３丁目	道-12	図上測量()
13117-0115-10.zip	筆	H000003919	F000003919	神谷	３丁目	道-16	図上測量()
13117-0115-10.zip	筆	H000003926	F000003926	神谷	１丁目	道-2	図上測量()
13117-0115-10.zip	筆	H000003972	F000003972	神谷	１丁目	道-3	図上測量()
13117-0115-10.zip	筆	H000003991	F000003991	神谷	２丁目	道-10	図上測量()
13117-0115-10.zip	筆	H000004004	F000004004	神谷	３丁目	道-14-1	図上測量()
13117-0115-10.zip	筆	H000004010	F000004010	神谷	２丁目	道-11	図上測量()
13117-0115-11.zip	筆	H000003444	F000003444	上中里	１丁目	道-3	図上測量()
13117-0115-16.zip	筆	H000002733	F000002733	赤羽北	３丁目	道-29	図上測量()
13117-0115-16.zip	筆	H000002890	F000002890	赤羽北	３丁目	道-27	図上測量()
13117-0115-16.zip	筆	H000002907	F000002907	赤羽北	３丁目	道-33	図上測量()
13117-0115-26.zip	筆	H000002038	F000002038	王子	１丁目	長狭物不明-19	図上測量()
13117-0115-27.zip	筆	H000005125	F000005125	志茂	１丁目	9-5	図上測量()
13117-0115-27.zip	筆	H000006104	F000006104	志茂	４丁目	道-63	図上測量()
13117-0115-27.zip	筆	H000006153	F000006153	志茂	３丁目	道-46	図上測量()
13117-0115-27.zip	筆	H000006166	F000006166	志茂	４丁目	道-82	図上測量()
13117-0115-27.zip	筆	H000006627	F000006627	志茂	３丁目	道-47	図上測量()
13117-0115-27.zip	筆	H000006677	F000006677	志茂	５丁目	道-91	図上測量()
13117-0115-3.zip	筆	H000000926	F000000926	王子本町	２丁目	道-12	図上測量()
13117-0115-31.zip	筆	H000003115	F000003115	上十条	５丁目	道-18	図上測量()
13117-0115-31.zip	筆	H000003209	F000003209	上十条	２丁目	道-8	図上測量()
13117-0115-32.zip	筆	H000003695	F000003695	西ケ原	１丁目	道-7	図上測量()
13117-0115-32.zip	筆	H000003773	F000003773	西ケ原	３丁目	長狭物不明-27-1	図上測量()
13117-0115-32.zip	筆	H000004054	F000004054	西ケ原	２丁目	長狭物不明-14-1	図上測量()
13117-0115-35.zip	筆	H000004029	F000004029	赤羽西	１丁目	道-2	図上測量()
13117-0115-35.zip	筆	H000004292	F000004292	赤羽西	４丁目	道-29	図上測量()
13117-0115-35.zip	筆	H000004466	F000004466	赤羽西	３丁目	道-18	図上測量()
13117-0115-35.zip	筆	H000004746	F000004746	赤羽西	６丁目	道-32-1	図上測量()
13117-0115-39.zip	筆	H000004299	F000004299	滝野川	６丁目	長狭物不明-13	図上測量()
13117-0115-40.zip	筆	H000002102	F000002102	中十条	２丁目	3-2	図上測量()
13117-0115-40.zip	筆	H000002904	F000002904	中十条	２丁目	21-10	図上測量()
13117-0115-40.zip	筆	H000002946	F000002946	中十条	４丁目	道-26	図上測量()
13117-0115-42.zip	筆	H000002793	F000002793	田端	２丁目	長狭物不明-60-3	図上測量()
13117-0115-43.zip	筆	H000000975	F000000975	田端新町	１丁目	道-1	図上測量()
13117-0115-43.zip	筆	H000001018	F000001018	田端新町	２丁目	道-11	図上測量()
13117-0115-44.zip	筆	H000003887	F000003887	東十条	３丁目	道-4	図上測量()
13117-0115-44.zip	筆	H000003892	F000003892	東十条	３丁目	道-3	図上測量()
13117-0115-48.zip	筆	H000004014	F000004014	豊島	４丁目	17-6	図上測量()
13117-0115-48.zip	筆	H000005324	F000005324	豊島	７丁目	道-26	図上測量()
13117-0115-48.zip	筆	H000005966	F000005966	豊島	８丁目	長狭物不明-109	図上測量()
13117-0115-49.zip	筆	H000002492	F000002492	堀船	１丁目	道-6	図上測量()
13117-0115-5.zip	筆	H000000824	F000000824	岸町	２丁目	17-3	図上測量()
13117-0115-7.zip	筆	H000000271	F000000271	桐ケ丘	１丁目	1045-1	図上測量()
13117-0115-9.zip	筆	H000000832	F000000832	昭和町	３丁目	長狭物不明-35	図上測量()
13118-0115-10.zip	筆	H000002416	F000002416	西尾久	８丁目	74-3	図上測量()
13118-0115-10.zip	筆	H000002520	F000002520	西尾久	６丁目	道-2	図上測量()
13118-0115-14.zip	筆	H000001681	F000001681	東日暮里	６丁目	道-18	図上測量()
13118-0115-3.zip	筆	H000004245	F000004245	西日暮里	３丁目	6-11	図上測量()
13118-0115-3.zip	筆	H000004847	F000004847	西日暮里	３丁目	1107-1	図上測量()
13118-0115-8.zip	筆	H000003901	F000003901	荒川	３丁目	水-60	図上測量()
13118-0115-8.zip	筆	H000004925	F000004925	荒川	３丁目	道-69	図上測量()
13118-0115-8.zip	筆	H000005117	F000005117	荒川	３丁目	道-70	図上測量()
13118-0115-9.zip	筆	H000005653	F000005653	西尾久	３丁目	長狭物不明-46-1	図上測量()
13119-0114-1.zip	筆	H000001081	F000001081	栄町		長狭物不明-180	図上測量()
13119-0114-1.zip	筆	H000001094	F000001094	栄町		3-1	図上測量()
13119-0114-12.zip	筆	H000000787	F000000787	赤塚（旧）	７丁目	道-1225	図上測量()
13119-0114-12.zip	筆	H000000899	F000000899	赤塚	７丁目	道-1219	図上測量()
13119-0114-147.zip	筆	H000000004	F000000004	板橋	３丁目	3183-1	測量成果(甲一)
13119-0114-16.zip	筆	H000000297	F000000297	小豆沢	３丁目	道-5706	図上測量()
13119-0114-20.zip	筆	H000000639	F000000639	上板橋	１丁目	道-5470	図上測量()
13119-0114-27.zip	筆	H000002784	F000002784	前野町	６丁目	長狭物不明-659	図上測量()
13119-0114-29.zip	筆	H000000565	F000000565	相生町		道-5869	()
13119-0114-30.zip	筆	H000001385	F000001385	大山西町		無地番-0	図上測量()
13119-0114-32.zip	筆	H000002408	F000002408	大谷口	２丁目	道-101	図上測量()
13119-0114-32.zip	筆	H000002492	F000002492	大谷口	１丁目	道-476	図上測量()
13119-0114-33.zip	筆	H000001905	F000001905	大谷口北町		道-514	図上測量()
13119-0114-36.zip	筆	H000001180	F000001180	中板橋		道-355	図上測量()
13119-0114-39.zip	筆	H000001454	F000001454	東山町		道-5322	図上測量()
13119-0114-4.zip	筆	H000000872	F000000872	熊野町		道-180	図上測量()
13119-0114-55.zip	筆	H000000878	F000000878	稲荷台		道-101W5	図上測量()
13119-0114-57.zip	筆	H000002570	F000002570	向原	２丁目	1431-1	図上測量()
13119-0114-57.zip	筆	H000002751	F000002751	向原	１丁目	道-541	図上測量()
13119-0114-57.zip	筆	H000002840	F000002840	向原	２丁目	道-565	図上測量()
13119-0114-58.zip	筆	H000001419	F000001419	幸町		道-434	図上測量()
13119-0114-65.zip	筆	H000003760	F000003760	若木	１丁目	道-1	図上測量()
13119-0114-65.zip	筆	H000004112	F000004112	若木	１丁目	無地番-86000	図上測量()
13119-0114-65.zip	筆	H000004115	F000004115	若木	２丁目	1007-1	図上測量()
13119-0114-65.zip	筆	H000004554	F000004554	若木	１丁目	道-905	図上測量()
13119-0114-67.zip	筆	H000002278	F000002278	舟渡	２丁目	長狭物不明-992	図上測量()
13119-0114-71.zip	筆	H000004270	F000004270	成増	３丁目	道-1597	図上測量()
13119-0114-71.zip	筆	H000004279	F000004279	成増	３丁目	道-1588	図上測量()
13119-0114-71.zip	筆	H000004402	F000004402	成増	１丁目	道-1529-1	図上測量()
13119-0114-72.zip	筆	H000003109	F000003109	西台	１丁目	408-6	図上測量()
13119-0114-72.zip	筆	H000003582	F000003582	西台	２丁目	長狭物不明-746	図上測量()
13119-0114-72.zip	筆	H000004202	F000004202	西台	１丁目	長狭物不明-704	()
13119-0114-74.zip	筆	H000000093	F000000093	赤塚（旧）	６丁目	道-1440	図上測量()
13119-0114-74.zip	筆	H000006381	F000006381	赤塚	５丁目	道-1420	図上測量()
13119-0114-74.zip	筆	H000006526	F000006526	赤塚（旧）	５丁目	道-1411	図上測量()
13119-0114-74.zip	筆	H000006608	F000006608	赤塚（旧）		道-3333	図上測量()
13119-0114-76.zip	筆	H000002986	F000002986	前野町	２丁目	長狭物不明-546	図上測量()
13119-0114-76.zip	筆	H000003036	F000003036	前野町	３丁目	29-33	図上測量()
13119-0114-76.zip	筆	H000003230	F000003230	前野町	１丁目	道-755	図上測量()
13119-0114-77.zip	筆	H000000920	F000000920	大原町		長狭物不明-514	図上測量()
13119-0114-77.zip	筆	H000000950	F000000950	大原町		長狭物不明-564	図上測量()
13119-0114-78.zip	筆	H000001322	F000001322	大山金井町		道-2122	図上測量()
13119-0114-80.zip	筆	H000001443	F000001443	大谷口上町		61-35	図上測量()
13119-0114-81.zip	筆	H000001200	F000001200	中丸町		道-396	図上測量()
13119-0114-81.zip	筆	H000001203	F000001203	中丸町		道-402	図上測量()
13119-0114-82.zip	筆	H000004389	F000004389	中台	２丁目	1323-19	図上測量()
13119-0114-85.zip	筆	H000005195	F000005195	徳丸	３丁目	150-4	図上測量()
13119-0114-85.zip	筆	H000005198	F000005198	徳丸	３丁目	道-1092	図上測量()
13119-0114-87.zip	筆	H000002201	F000002201	徳丸	６丁目	15-3	図上測量()
13119-0114-91.zip	筆	H000001423	F000001423	富士見町		長狭物不明-456	図上測量()
13119-0114-92.zip	筆	H000001443	F000001443	本町		道-141	図上測量()
13119-0114-92.zip	筆	H000001474	F000001474	本町		道-151	図上測量()
13120-0116-1.zip	筆	H000000815	F000000815	旭丘	２丁目	42-1	図上測量()
13120-0116-1.zip	筆	H000000930	F000000930	旭丘	２丁目	道-1003	図上測量()
13120-0116-100.zip	筆	H000004907	F000004907	石神井台	１丁目	長狭物不明-50	図上測量()
13120-0116-104.zip	筆	H000002787	F000002787	上石神井	３丁目	121-13	図上測量()
13120-0116-104.zip	筆	H000003872	F000003872	上石神井	４丁目	道-7	図上測量()
13120-0116-107.zip	筆	H000002802	F000002802	関町北	４丁目	294-25	図上測量()
13120-0116-108.zip	筆	H000005436	F000005436	関町南	２丁目	137-3	図上測量()
13120-0116-109.zip	筆	H000005278	F000005278	大泉学園町	４丁目	長狭物不明-23	図上測量()
13120-0116-109.zip	筆	H000005465	F000005465	大泉学園町	５丁目	1413-1	図上測量()
13120-0116-112.zip	筆	H000004121	F000004121	西大泉	１丁目	長狭物不明-13	図上測量()
13120-0116-113.zip	筆	H000003785	F000003785	西大泉	３丁目	2028-1	図上測量()
13120-0116-113.zip	筆	H000003944	F000003944	西大泉	４丁目	1455-69	図上測量()
13120-0116-114.zip	筆	H000004653	F000004653	西大泉	６丁目	1191-1	図上測量()
13120-0116-119.zip	筆	H000006032	F000006032	南大泉	４丁目	道-5	図上測量()
13120-0116-13.zip	筆	H000000515	F000000515	豊玉北	１丁目	道-11805	図上測量()
13120-0116-23.zip	筆	H000000575	F000000575	豊玉南	３丁目	27-13	図上測量()
13120-0116-28.zip	筆	H000000362	F000000362	中村北	３丁目	長狭物不明-2	図上測量()
13120-0116-29.zip	筆	H000000347	F000000347	中村北	４丁目	長狭物不明-4	図上測量()
13120-0116-3.zip	筆	H000001835	F000001835	春日町	４丁目	2598-1	図上測量()
13120-0116-3.zip	筆	H000002235	F000002235	春日町	４丁目	2648-3	図上測量()
13120-0116-31.zip	筆	H000000658	F000000658	中村南	２丁目	道-21205	図上測量()
13120-0116-40.zip	筆	H000000634	F000000634	羽沢	３丁目	道-10000	図上測量()
13120-0116-42.zip	筆	H000001633	F000001633	早宮	３丁目	道-1000	図上測量()
13120-0116-43.zip	筆	H000001192	F000001192	早宮	４丁目	104-1	図上測量()
13120-0116-47.zip	筆	H000000233	F000000233	光が丘	４丁目	25-1	図上測量()
13120-0116-48.zip	筆	H000003333	F000003333	土支田	２丁目	道-14	図上測量()
13120-0116-49.zip	筆	H000001741	F000001741	石神井町	１丁目	2416-7	図上測量()
13120-0116-52.zip	筆	H000005458	F000005458	大泉学園町	１丁目	長狭物不明-12	図上測量()
13120-0116-53.zip	筆	H000002827	F000002827	大泉町	１丁目	長狭物不明-28	図上測量()
13120-0116-60.zip	筆	H000001932	F000001932	旭丘	１丁目	道-10807	図上測量()
13120-0116-60.zip	筆	H000001948	F000001948	旭丘	１丁目	道-10808	図上測量()
13120-0116-62.zip	筆	H000001637	F000001637	春日町	２丁目	道-3011	図上測量()
13120-0116-66.zip	筆	H000002034	F000002034	桜台	５丁目	道-7307	図上測量()
13120-0116-66.zip	筆	H000002061	F000002061	桜台	５丁目	道-7314	図上測量()
13120-0116-70.zip	筆	H000001667	F000001667	小竹町	１丁目	41-2	図上測量()
13120-0116-71.zip	筆	H000001945	F000001945	小竹町	２丁目	道-14004	図上測量()
13120-0116-81.zip	筆	H000002517	F000002517	谷原	３丁目	1633-3	図上測量()
13120-0116-82.zip	筆	H000003504	F000003504	高野台	５丁目	2161-1	図上測量()
13120-0116-84.zip	筆	H000001844	F000001844	錦	１丁目	2389-18	図上測量()
13120-0116-86.zip	筆	H000004888	F000004888	北町	７丁目	道-39	図上測量()
13120-0116-87.zip	筆	H000002938	F000002938	北町	２丁目	道-14	図上測量()
13120-0116-89.zip	筆	H000006386	F000006386	田柄	２丁目	6309-1	図上測量()
13120-0116-94.zip	筆	H000003007	F000003007	土支田	４丁目	880-1	図上測量()
13120-0116-94.zip	筆	H000003317	F000003317	土支田	１丁目	道-13	図上測量()
13120-0116-95.zip	筆	H000006800	F000006800	富士見台	２丁目	286-1	図上測量()
13120-0116-99.zip	筆	H000006772	F000006772	下石神井	６丁目	489-17	図上測量()
13120-0116-99.zip	筆	H000008004	F000008004	下石神井	２丁目	124-3	図上測量()
13121-0118-102.zip	筆	H000001329	F000001329	宮城	１丁目	長狭物不明-3	図上測量()
13121-0118-106.zip	筆	H000003785	F000003785	江北	２丁目	道-19	図上測量()
13121-0118-106.zip	筆	H000003957	F000003957	江北	３丁目	道-39	図上測量()
13121-0118-108.zip	筆	H000002876	F000002876	鹿浜	１丁目	11-41	図上測量()
13121-0118-113.zip	筆	H000002301	F000002301	新田	１丁目	道-5	図上測量()
13121-0118-115.zip	筆	H000003593	F000003593	西綾瀬	４丁目	903-2	図上測量()
13121-0118-119.zip	筆	H000005461	F000005461	扇	１丁目	4510-1	図上測量()
13121-0118-119.zip	筆	H000005913	F000005913	扇	２丁目	長狭物不明-85	図上測量()
13121-0118-119.zip	筆	H000006087	F000006087	扇	２丁目	道-9	図上測量()
13121-0118-119.zip	筆	H000006473	F000006473	扇	２丁目	長狭物不明-130	図上測量()
13121-0118-119.zip	筆	H000006505	F000006505	扇	１丁目	長狭物不明-70	図上測量()
13121-0118-119.zip	筆	H000006538	F000006538	扇	３丁目	3484-1	図上測量()
13121-0118-119.zip	筆	H000006885	F000006885	扇	１丁目	5034-2	図上測量()
13121-0118-119.zip	筆	H000007030	F000007030	扇	１丁目	長狭物不明-10	図上測量()
13121-0118-119.zip	筆	H000007212	F000007212	扇	２丁目	長狭物不明-151	図上測量()
13121-0118-119.zip	筆	H000007324	F000007324	扇	２丁目	長狭物不明-150	図上測量()
13121-0118-120.zip	筆	H000011119	F000011119	千住	１丁目	長狭物不明-57	図上測量()
13121-0118-121.zip	筆	H000004074	F000004074	日ノ出町		長狭物不明-155	図上測量()
13121-0118-121.zip	筆	H000004326	F000004326	千住曙町		長狭物不明-35	図上測量()
13121-0118-121.zip	筆	H000005312	F000005312	柳原	２丁目	長狭物不明-67	図上測量()
13121-0118-122.zip	筆	H000007310	F000007310	千住橋戸町		長狭物不明-58	図上測量()
13121-0118-122.zip	筆	H000007855	F000007855	千住仲町		31-1	図上測量()
13121-0118-122.zip	筆	H000008217	F000008217	千住仲町		108-1	図上測量()
13121-0118-122.zip	筆	H000008366	F000008366	千住緑町	３丁目	32-1W2	図上測量()
13121-0118-122.zip	筆	H000008449	F000008449	千住緑町	３丁目	32-1W1	図上測量()
13121-0118-127.zip	筆	H000003564	F000003564	中央本町	４丁目	1639-2	図上測量()
13121-0118-132.zip	筆	H000001304	F000001304	南花畑	３丁目	道-17	図上測量()
13121-0118-133.zip	筆	H000004526	F000004526	梅田	２丁目	1598-2	図上測量()
13121-0118-133.zip	筆	H000005758	F000005758	梅田	４丁目	長狭物不明-89	図上測量()
13121-0118-137.zip	筆	H000006101	F000006101	本木	１丁目	249-4	図上測量()
13121-0118-151.zip	筆	H000000028	F000000028	花畑	５丁目	17-1	測量成果(甲一)
13121-0118-159.zip	筆	H000000016	F000000016	花畑	６丁目	617-8	測量成果(甲一)
13121-0118-32.zip	筆	H000000119	F000000119	西加平	２丁目	9-5W2	図上測量()
13121-0118-32.zip	筆	H000000120	F000000120	西加平	２丁目	9-5W1	図上測量()
13121-0118-39.zip	筆	H000001417	F000001417	西新井栄町	１丁目	1155-4	図上測量()
13121-0118-59.zip	筆	H000001646	F000001646	中川	４丁目	102-4	図上測量()
13121-0118-63.zip	筆	H000001299	F000001299	東綾瀬	３丁目	8-1	図上測量()
13121-0118-83.zip	筆	H000002262	F000002262	東六月町		道-18	図上測量()
13121-0118-86.zip	筆	H000000602	F000000602	堀之内	１丁目	道-1	図上測量()
13121-0118-88.zip	筆	H000003398	F000003398	本木南町		16-1	図上測量()
13121-0118-9.zip	筆	H000003629	F000003629	興野	１丁目	長狭物不明-15	図上測量()
13121-0118-98.zip	筆	H000002692	F000002692	伊興	５丁目	3746-5	図上測量()
13121-0118-98.zip	筆	H000003395	F000003395	伊興	３丁目	1766-1	図上測量()
13122-0118-136.zip	筆	H000000397	F000000397	高砂	７丁目	61-9	図上測量()
13122-0118-143.zip	筆	H000000689	F000000689	細田	５丁目	229-10	図上測量()
13122-0118-145.zip	筆	H000000199	F000000199	細田	１丁目	440-9	図上測量()
13122-0118-15.zip	筆	H000001275	F000001275	金町	６丁目	道-9	図上測量()
13122-0118-16.zip	筆	H000002412	F000002412	金町	５丁目	長狭物不明-98	図上測量()
13122-0118-186.zip	筆	H000000167	F000000167	水元	５丁目	道-2	図上測量()
13122-0118-203.zip	筆	H000000041	F000000041	水元	３丁目	1-5	図上測量()
13122-0118-24.zip	筆	H000007798	F000007798	柴又	３丁目	長狭物不明-116	図上測量()
13122-0118-24.zip	筆	H000008171	F000008171	柴又	１丁目	1303-1	図上測量()
13122-0118-245.zip	筆	H000000157	F000000157	西水元	３丁目	道-17	図上測量()
13122-0118-264.zip	筆	H000000035	F000000035	青戸	７丁目	43-3	測量成果(甲一)
13122-0118-34.zip	筆	H000001295	F000001295	水元公園		長狭物不明-87W1	図上測量()
13122-0118-34.zip	筆	H000001298	F000001298	水元公園		長狭物不明-88W2	図上測量()
13122-0118-34.zip	筆	H000001299	F000001299	水元公園		長狭物不明-10W2	図上測量()
13122-0118-34.zip	筆	H000001361	F000001361	水元公園		長狭物不明-27W1	図上測量()
13122-0118-45.zip	筆	H000004599	F000004599	東金町	３丁目	289-2	図上測量()
13122-0118-45.zip	筆	H000004906	F000004906	東金町	４丁目	長狭物不明-89	図上測量()
13122-0118-46.zip	筆	H000002490	F000002490	東金町	８丁目	長狭物不明-33	図上測量()
13122-0118-51.zip	筆	H000002004	F000002004	東堀切	２丁目	413-1	図上測量()
13122-0118-51.zip	筆	H000002091	F000002091	東堀切	２丁目	413-4	図上測量()
13122-0118-53.zip	筆	H000002809	F000002809	宝町	２丁目	長狭物不明-122	図上測量()
13122-0118-61.zip	筆	H000005267	F000005267	奥戸	２丁目	道-28	図上測量()
13122-0118-64.zip	筆	H000004879	F000004879	高砂	４丁目	1718-2	図上測量()
13122-0118-64.zip	筆	H000005000	F000005000	高砂	４丁目	1788-4X(1/3)	図上測量()
13122-0118-65.zip	筆	H000005197	F000005197	四つ木	４丁目	33-1	図上測量()
13122-0118-65.zip	筆	H000005368	F000005368	四つ木	１丁目	長狭物不明-46	図上測量()
13122-0118-65.zip	筆	H000006029	F000006029	四つ木	２丁目	61-1	図上測量()
13122-0118-66.zip	筆	H000004248	F000004248	小菅	２丁目	長狭物不明-67	図上測量()
13122-0118-68.zip	筆	H000006111	F000006111	新小岩	１丁目	68-9	図上測量()
13122-0118-69.zip	筆	H000005399	F000005399	東四つ木	４丁目	233-2	図上測量()
13122-0118-7.zip	筆	H000001616	F000001616	柴又	５丁目	長狭物不明-29	図上測量()
13122-0118-71.zip	筆	H000007369	F000007369	青戸	１丁目	長狭物不明-7	図上測量()
13122-0118-71.zip	筆	H000007634	F000007634	青戸	３丁目	長狭物不明-159	図上測量()
13122-0118-71.zip	筆	H000008093	F000008093	青戸	４丁目	長狭物不明-203	図上測量()
13122-0118-72.zip	筆	H000004093	F000004093	東新小岩	５丁目	長狭物不明-173	図上測量()
13122-0118-73.zip	筆	H000003991	F000003991	東立石	１丁目	水-19	図上測量()
13122-0118-73.zip	筆	H000004113	F000004113	東立石	１丁目	長狭物不明-42	図上測量()
13122-0118-75.zip	筆	H000009561	F000009561	堀切	６丁目	道-24	図上測量()
13122-0118-76.zip	筆	H000007589	F000007589	立石	６丁目	1356-1	図上測量()
13122-0118-76.zip	筆	H000008635	F000008635	立石	１丁目	長狭物不明-15	図上測量()
13122-0118-76.zip	筆	H000008850	F000008850	立石	７丁目	長狭物不明-450	図上測量()
13123-0117-107.zip	筆	H000002382	F000002382	東小松川	１丁目	長挟物不明-1	図上測量()
13123-0117-107.zip	筆	H000002517	F000002517	東小松川	１丁目	長狭物不明-44	図上測量()
13123-0117-109.zip	筆	H000001220	F000001220	東瑞江	２丁目	長狭物不明-88	図上測量()
13123-0117-11.zip	筆	H000001321	F000001321	篠崎町	７丁目	長狭物不明-28	図上測量()
13123-0117-11.zip	筆	H000001419	F000001419	篠崎町	７丁目	長狭物不明-16	図上測量()
13123-0117-116.zip	筆	H000003255	F000003255	南小岩	８丁目	長狭物不明-48	図上測量()
13123-0117-116.zip	筆	H000003439	F000003439	南小岩	８丁目	長狭物不明-47	図上測量()
13123-0117-117.zip	筆	H000002815	F000002815	平井	３丁目	長狭物不明-14	図上測量()
13123-0117-127.zip	筆	H000004246	F000004246	本一色	２丁目	688-5	図上測量()
13123-0117-133.zip	筆	H000000699	F000000699	東葛西	９丁目	3-1	測量成果(甲一)
13123-0117-136.zip	筆	H000001768	F000001768	東葛西	６丁目	29-12	測量成果(甲一)
13123-0117-163.zip	筆	H000000257	F000000257	南小岩	６丁目	長狭物不明-97	図上測量()
13123-0117-19.zip	筆	H000001659	F000001659	松島	２丁目	長狭物不明-71	図上測量()
13123-0117-21.zip	筆	H000001352	F000001352	上篠崎	１丁目	93-5	図上測量()
13123-0117-49.zip	筆	H000002213	F000002213	一之江	１丁目	1002-89	図上測量()
13123-0117-52.zip	筆	H000001892	F000001892	興宮町		461-1	図上測量()
13123-0117-61.zip	筆	H000002227	F000002227	篠崎町	１丁目	長狭物不明-7	図上測量()
13123-0117-61.zip	筆	H000002367	F000002367	篠崎町	１丁目	長狭物不明-21	図上測量()
13123-0117-66.zip	筆	H000003387	F000003387	春江町	４丁目	長狭物不明-42	図上測量()
13123-0117-69.zip	筆	H000002586	F000002586	松江	５丁目	1118-1	図上測量()
13123-0117-69.zip	筆	H000002652	F000002652	松江	３丁目	3859-19	図上測量()
13123-0117-7.zip	筆	H000002345	F000002345	江戸川	３丁目	長狭物不明-57	図上測量()
13123-0117-72.zip	筆	H000003392	F000003392	松島	４丁目	979-1	図上測量()
13123-0117-79.zip	筆	H000003974	F000003974	西一之江	３丁目	長狭物不明-116	図上測量()
13123-0117-83.zip	筆	H000001652	F000001652	西篠崎	１丁目	長狭物不明-526	図上測量()
13123-0117-83.zip	筆	H000001793	F000001793	西篠崎	２丁目	長狭物不明-38	図上測量()
13123-0117-85.zip	筆	H000001818	F000001818	西小松川町		長狭物不明-61	図上測量()
13123-0117-90.zip	筆	H000002367	F000002367	船堀	２丁目	長狭物不明-126	図上測量()
13123-0117-91.zip	筆	H000003066	F000003066	船堀	７丁目	長狭物不明-129	図上測量()
13123-0117-92.zip	筆	H000002814	F000002814	大杉	３丁目	長狭物不明-98	図上測量()
13123-0117-93.zip	筆	H000002898	F000002898	大杉	５丁目	長狭物不明-56	図上測量()
13123-0117-94.zip	筆	H000002931	F000002931	中央	２丁目	道-14	図上測量()
13123-0117-98.zip	筆	H000002714	F000002714	中葛西	５丁目	19-10	図上測量(甲二)
13201-0101-100.zip	筆	H000001063	F000001063	中野山王	２丁目	水-27-2	図上測量()
13201-0101-100.zip	筆	H000001279	F000001279	中野山王	２丁目	道-5	図上測量()
13201-0101-102.zip	筆	H000000874	F000000874	中野上町	１丁目	758-1	図上測量()
13201-0101-107.zip	筆	H000002500	F000002500	長沼町		長狭物不明-255	図上測量()
13201-0101-108.zip	筆	H000005293	F000005293	長房町		長狭物不明-38	図上測量()
13201-0101-108.zip	筆	H000005352	F000005352	長房町		224-1W1	図上測量()
13201-0101-108.zip	筆	H000005367	F000005367	長房町		811-2	図上測量()
13201-0101-108.zip	筆	H000005534	F000005534	長房町		長狭物不明-110	図上測量()
13201-0101-109.zip	筆	H000001765	F000001765	長房町		1623-2X(12/17)	図上測量()
13201-0101-109.zip	筆	H000002037	F000002037	長房町		長狭物不明-131	図上測量()
13201-0101-115.zip	筆	H000002308	F000002308	東中野		道-5	()
13201-0101-116.zip	筆	H000000507	F000000507	東中野		286-3	図上測量(甲二)
13201-0101-117.zip	筆	H000002363	F000002363	楢原町		道-4	図上測量()
13201-0101-117.zip	筆	H000002592	F000002592	楢原町		道-14-2	図上測量()
13201-0101-118.zip	筆	H000000885	F000000885	南浅川町		3393-ｲ	図上測量()
13201-0101-118.zip	筆	H000000900	F000000900	南浅川町		無地番-26	図上測量()
13201-0101-118.zip	筆	H000000901	F000000901	南浅川町		3659-2	図上測量()
13201-0101-119.zip	筆	H000000770	F000000770	南浅川町		3818	図上測量()
13201-0101-119.zip	筆	H000000782	F000000782	南浅川町		4212-4	図上測量()
13201-0101-129.zip	筆	H000001848	F000001848	戸吹町		道-108	図上測量()
13201-0101-132.zip	筆	H000001918	F000001918	高月町		水-29	図上測量()
13201-0101-14.zip	筆	H000002570	F000002570	館町		870	図上測量(甲二)
13201-0101-14.zip	筆	H000002578	F000002578	館町		987	図上測量(甲二)
13201-0101-14.zip	筆	H000002983	F000002983	館町		343-1	図上測量()
13201-0101-143.zip	筆	H000000340	F000000340	打越町		1481-203X(3/5)	図上測量()
13201-0101-144.zip	筆	H000004385	F000004385	打越町		長狭物不明-148-3	図上測量()
13201-0101-144.zip	筆	H000004410	F000004410	打越町		1322-9	図上測量()
13201-0101-144.zip	筆	H000004772	F000004772	打越町		1344-2	図上測量()
13201-0101-144.zip	筆	H000004905	F000004905	打越町		1522-1	図上測量()
13201-0101-146.zip	筆	H000000562	F000000562	廿里町		道-6	図上測量()
13201-0101-15.zip	筆	H000002167	F000002167	館町		道-23	図上測量()
13201-0101-15.zip	筆	H000002501	F000002501	館町		道-70	図上測量()
13201-0101-15.zip	筆	H000002513	F000002513	館町		道-40	図上測量()
13201-0101-152.zip	筆	H000002100	F000002100	片倉町		1643-2X(1/3)	図上測量()
13201-0101-152.zip	筆	H000002109	F000002109	片倉町		1643-4X(2/2)	図上測量()
13201-0101-152.zip	筆	H000002134	F000002134	片倉町		1643-4X(1/2)	図上測量()
13201-0101-152.zip	筆	H000002151	F000002151	片倉町		1074-150W6	図上測量()
13201-0101-152.zip	筆	H000002162	F000002162	片倉町		1074-150W1	図上測量()
13201-0101-152.zip	筆	H000002166	F000002166	片倉町		1074-150W14	図上測量()
13201-0101-152.zip	筆	H000002172	F000002172	片倉町		1074-150W13	図上測量()
13201-0101-152.zip	筆	H000002173	F000002173	片倉町		1074-150W11	図上測量()
13201-0101-152.zip	筆	H000002174	F000002174	片倉町		1074-150W5	図上測量()
13201-0101-154.zip	筆	H000001767	F000001767	裏高尾町		道-74	図上測量()
13201-0101-154.zip	筆	H000001831	F000001831	裏高尾町		長狭物不明-6	図上測量()
13201-0101-155.zip	筆	H000001456	F000001456	裏高尾町		1496-3	図上測量()
13201-0101-16.zip	筆	H000000134	F000000134	館町		1097-1X(1/2)	図上測量()
13201-0101-160.zip	筆	H000000987	F000000987	美山町		道-182	図上測量()
13201-0101-162.zip	筆	H000001738	F000001738	美山町		道-176	図上測量()
13201-0101-17.zip	筆	H000001516	F000001516	館町		1045	図上測量()
13201-0101-172.zip	筆	H000003706	F000003706	北野台	２丁目	941-112W3	()
13201-0101-172.zip	筆	H000004306	F000004306	片倉町		1074-150W19	図上測量()
13201-0101-172.zip	筆	H000004307	F000004307	片倉町		1074-150W20	図上測量()
13201-0101-172.zip	筆	H000004308	F000004308	片倉町		1074-150W18	図上測量()
13201-0101-18.zip	筆	H000000623	F000000623	久保山町	１丁目	41	図上測量(甲二)
13201-0101-187.zip	筆	H000001765	F000001765	鑓水		2178-1	図上測量()
13201-0101-188.zip	筆	H000001231	F000001231	椚田町		長狭物不明-69	図上測量()
13201-0101-188.zip	筆	H000001249	F000001249	椚田町		長狭物不明-19	図上測量()
13201-0101-19.zip	筆	H000000866	F000000866	久保山町	２丁目	57	図上測量(甲二)
13201-0101-190.zip	筆	H000000935	F000000935	めじろ台	２丁目	100W1	図上測量(甲二)
13201-0101-190.zip	筆	H000000977	F000000977	めじろ台	２丁目	71-1W1	図上測量(甲二)
13201-0101-192.zip	筆	H000006350	F000006350	横川町		長狭物不明-125	図上測量()
13201-0101-192.zip	筆	H000006920	F000006920			道-13	図上測量()
13201-0101-192.zip	筆	H000007060	F000007060	横川町		道-1	図上測量()
13201-0101-193.zip	筆	H000002532	F000002532	下恩方町		805-1	図上測量()
13201-0101-195.zip	筆	H000001788	F000001788	下恩方町		道-263	図上測量()
13201-0101-195.zip	筆	H000001821	F000001821	下恩方町		道-86	図上測量()
13201-0101-196.zip	筆	H000002910	F000002910	下柚木		道-25	図上測量()
13201-0101-196.zip	筆	H000002927	F000002927	下柚木		道	図上測量()
13201-0101-196.zip	筆	H000003021	F000003021	下柚木		道-53	図上測量()
13201-0101-196.zip	筆	H000003055	F000003055	下柚木		2085-1	図上測量()
13201-0101-196.zip	筆	H000003081	F000003081	下柚木		道-81	図上測量()
13201-0101-196.zip	筆	H000003154	F000003154	下柚木		道-10	図上測量()
13201-0101-197.zip	筆	H000001102	F000001102	加住町	２丁目	道-12	図上測量()
13201-0101-198.zip	筆	H000001604	F000001604	叶谷町		長狭物不明-93	図上測量()
13201-0101-198.zip	筆	H000001748	F000001748	叶谷町		長狭物不明-11	図上測量()
13201-0101-200.zip	筆	H000001243	F000001243	宮下町		830-1	図上測量()
13201-0101-201.zip	筆	H000001730	F000001730	狭間町		1800-49W2	図上測量()
13201-0101-201.zip	筆	H000001864	F000001864	狭間町		長狭物不明-4	図上測量()
13201-0101-202.zip	筆	H000004023	F000004023	犬目町		560-1	図上測量()
13201-0101-202.zip	筆	H000004228	F000004228	犬目町		543-2	図上測量()
13201-0101-203.zip	筆	H000002396	F000002396	犬目町		道-82-1	図上測量()
13201-0101-203.zip	筆	H000002406	F000002406	犬目町		道-77	図上測量()
13201-0101-203.zip	筆	H000002657	F000002657	犬目町		道-97	図上測量()
13201-0101-203.zip	筆	H000002669	F000002669	犬目町		道-94	図上測量()
13201-0101-205.zip	筆	H000002170	F000002170	元八王子町	１丁目	長狭物不明-37	図上測量()
13201-0101-206.zip	筆	H000002419	F000002419	元八王子町	３丁目	長狭物不明-32	図上測量()
13201-0101-206.zip	筆	H000002518	F000002518	元八王子町	３丁目	2354-1	図上測量()
13201-0101-206.zip	筆	H000002616	F000002616	元八王子町	３丁目	長狭物不明-113	図上測量()
13201-0101-206.zip	筆	H000002619	F000002619	元八王子町	３丁目	2090	図上測量()
13201-0101-206.zip	筆	H000002680	F000002680	元八王子町	３丁目	長狭物不明-26	図上測量()
13201-0101-206.zip	筆	H000002846	F000002846	元八王子町	３丁目	長狭物不明-72	図上測量()
13201-0101-207.zip	筆	H000001259	F000001259	元八王子町	３丁目	2153-254X(5/7)	図上測量()
13201-0101-207.zip	筆	H000001261	F000001261	元八王子町	３丁目	2153-254X(6/7)	図上測量()
13201-0101-207.zip	筆	H000001263	F000001263	元八王子町	３丁目	2153-254X(4/7)	図上測量()
13201-0101-207.zip	筆	H000001264	F000001264	元八王子町	３丁目	2153-254X(2/7)	図上測量()
13201-0101-208.zip	筆	H000002302	F000002302	高尾町		2102-1	図上測量()
13201-0101-208.zip	筆	H000002564	F000002564	高尾町		1819-4	図上測量()
13201-0101-208.zip	筆	H000002810	F000002810	高尾町		水-41	図上測量()
13201-0101-208.zip	筆	H000002830	F000002830	高尾町		無地番-6	図上測量()
13201-0101-208.zip	筆	H000002963	F000002963	高尾町		道-26	図上測量()
13201-0101-21.zip	筆	H000001553	F000001553	暁町	１丁目	82-9W1	図上測量()
13201-0101-212.zip	筆	H000001992	F000001992	寺田町		536W2	図上測量()
13201-0101-212.zip	筆	H000002250	F000002250	寺田町		834-1	図上測量()
13201-0101-213.zip	筆	H000004251	F000004251	小宮町		道-32	図上測量()
13201-0101-213.zip	筆	H000005134	F000005134	小宮町		道-25	図上測量()
13201-0101-214.zip	筆	H000005774	F000005774	小比企町		水-109	図上測量()
13201-0101-214.zip	筆	H000005843	F000005843	小比企町		道-13	図上測量()
13201-0101-214.zip	筆	H000005846	F000005846	小比企町		道-150	図上測量()
13201-0101-214.zip	筆	H000006326	F000006326	小比企町		水-32-1	図上測量()
13201-0101-214.zip	筆	H000006422	F000006422	小比企町		2271-7	図上測量()
13201-0101-214.zip	筆	H000006513	F000006513	小比企町		道-31	図上測量()
13201-0101-217.zip	筆	H000002340	F000002340	上壱分方町		長狭物不明-10	図上測量()
13201-0101-217.zip	筆	H000002628	F000002628	上壱分方町		長狭物不明-19	図上測量()
13201-0101-219.zip	筆	H000003054	F000003054	諏訪町		長狭物不明-25	図上測量()
13201-0101-220.zip	筆	H000001755	F000001755	西寺方町		1001-1X(8/14)	図上測量()
13201-0101-220.zip	筆	H000001764	F000001764	西寺方町		1001-1X(9/14)	図上測量()
13201-0101-220.zip	筆	H000001888	F000001888	西寺方町		道-1	図上測量()
13201-0101-223.zip	筆	H000000605	F000000605	西浅川町		長狭物不明-2	図上測量()
13201-0101-226.zip	筆	H000001966	F000001966	千人町	３丁目	40-1	図上測量()
13201-0101-229.zip	筆	H000004800	F000004800	川口町		道-108	図上測量()
13201-0101-230.zip	筆	H000003030	F000003030	川口町		道-145	図上測量()
13201-0101-230.zip	筆	H000003181	F000003181	川口町		道-248	図上測量()
13201-0101-230.zip	筆	H000003247	F000003247	川口町		道-90	図上測量()
13201-0101-230.zip	筆	H000003259	F000003259	川口町		道-201	図上測量()
13201-0101-231.zip	筆	H000001957	F000001957	泉町		1911-19	図上測量()
13201-0101-231.zip	筆	H000002125	F000002125	泉町		長狭物不明-18	図上測量()
13201-0101-231.zip	筆	H000002187	F000002187	泉町		1911-25	図上測量()
13201-0101-236.zip	筆	H000003892	F000003892	大楽寺町		260-1	図上測量()
13201-0101-237.zip	筆	H000002974	F000002974	大谷町		道-18	図上測量()
13201-0101-237.zip	筆	H000003047	F000003047	大谷町		道-37-1	図上測量()
13201-0101-238.zip	筆	H000001729	F000001729	大塚		長狭物不明-190	図上測量()
13201-0101-238.zip	筆	H000001777	F000001777	大塚		長狭物不明-380	図上測量()
13201-0101-238.zip	筆	H000001817	F000001817	大塚		長狭物不明-275-1	図上測量()
13201-0101-239.zip	筆	H000004696	F000004696	大和田町	６丁目	長狭物不明-164	図上測量()
13201-0101-239.zip	筆	H000004713	F000004713	大和田町	３丁目	長狭物不明-69	図上測量()
13201-0101-24.zip	筆	H000004787	F000004787	絹ケ丘	１丁目	593-41W2	図上測量()
13201-0101-24.zip	筆	H000004973	F000004973	絹ケ丘	１丁目	982-83	図上測量()
13201-0101-24.zip	筆	H000005186	F000005186	絹ケ丘	１丁目	593-159	図上測量()
13201-0101-241.zip	筆	H000001953	F000001953	中山		道-63	図上測量()
13201-0101-243.zip	筆	H000003054	F000003054	長沼町		長狭物不明-122	図上測量()
13201-0101-244.zip	筆	H000003188	F000003188	東浅川町		1010-1	図上測量()
13201-0101-244.zip	筆	H000003742	F000003742	東浅川町		316-1	図上測量()
13201-0101-244.zip	筆	H000003963	F000003963	東浅川町		道-3	図上測量()
13201-0101-246.zip	筆	H000003164	F000003164	楢原町		道-67	図上測量()
13201-0101-246.zip	筆	H000003612	F000003612	楢原町		道-64	図上測量()
13201-0101-246.zip	筆	H000003934	F000003934	楢原町		道-57	図上測量()
13201-0101-248.zip	筆	H000001491	F000001491	南浅川町		水-17	図上測量()
13201-0101-250.zip	筆	H000004179	F000004179	弐分方町		長狭物不明-104	図上測量()
13201-0101-251.zip	筆	H000001359	F000001359	戸吹町		道-62	図上測量()
13201-0101-251.zip	筆	H000001414	F000001414	戸吹町		道-152	図上測量()
13201-0101-252.zip	筆	H000002554	F000002554	大船町		長狭物不明-114	図上測量()
13201-0101-254.zip	筆	H000002747	F000002747	丹木町	２丁目	道-50X(1/2)	図上測量()
13201-0101-254.zip	筆	H000002888	F000002888	丹木町	１丁目	道-12	図上測量()
13201-0101-255.zip	筆	H000003214	F000003214	片倉町		888-88X(1/2)	図上測量()
13201-0101-255.zip	筆	H000003216	F000003216	片倉町		888-88X(2/2)	図上測量()
13201-0101-255.zip	筆	H000003771	F000003771	片倉町		2466-1	図上測量()
13201-0101-256.zip	筆	H000002918	F000002918	片倉町		937-153W1	図上測量()
13201-0101-256.zip	筆	H000002921	F000002921	片倉町		937-153W2	図上測量()
13201-0101-256.zip	筆	H000003120	F000003120	片倉町		937-153W5	図上測量()
13201-0101-256.zip	筆	H000003125	F000003125	片倉町		982-51W2	()
13201-0101-256.zip	筆	H000003176	F000003176	片倉町		1074-150W16	図上測量()
13201-0101-256.zip	筆	H000003177	F000003177	片倉町		1074-150W15	図上測量()
13201-0101-26.zip	筆	H000003324	F000003324	元八王子町	２丁目	長狭物不明-35	図上測量()
13201-0101-26.zip	筆	H000003689	F000003689	元八王子町	２丁目	長狭物不明-155	図上測量()
13201-0101-262.zip	筆	H000003122	F000003122	緑町		長狭物不明-180	()
13201-0101-262.zip	筆	H000003125	F000003125	緑町		150-17	()
13201-0101-262.zip	筆	H000003291	F000003291	緑町		長狭物不明-53	図上測量()
13201-0101-262.zip	筆	H000003355	F000003355	緑町		長狭物不明-205	図上測量()
13201-0101-262.zip	筆	H000003419	F000003419	緑町		長狭物不明-2	図上測量()
13201-0101-262.zip	筆	H000003422	F000003422	緑町		131-1X(3/4)	図上測量()
13201-0101-262.zip	筆	H000003503	F000003503	緑町		長狭物不明-74	図上測量()
13201-0101-262.zip	筆	H000003635	F000003635	緑町		長狭物不明-202	図上測量()
13201-0101-27.zip	筆	H000000667	F000000667	元本郷町	１丁目	長狭物不明-13	図上測量()
13201-0101-29.zip	筆	H000000604	F000000604	元本郷町	３丁目	長狭物不明-30	図上測量()
13201-0101-29.zip	筆	H000000649	F000000649	元本郷町	３丁目	長狭物不明-32	図上測量()
13201-0101-29.zip	筆	H000000652	F000000652	元本郷町	３丁目	長狭物不明-110	図上測量()
13201-0101-32.zip	筆	H000002352	F000002352	左入町		長狭物不明-119	図上測量()
13201-0101-32.zip	筆	H000002420	F000002420	左入町		長狭物不明-99	図上測量()
13201-0101-32.zip	筆	H000002493	F000002493	左入町		長狭物不明-69	図上測量()
13201-0101-32.zip	筆	H000002564	F000002564	左入町		長狭物不明-12	図上測量()
13201-0101-33.zip	筆	H000000655	F000000655	高尾町		2177-1W2	図上測量()
13201-0101-36.zip	筆	H000001725	F000001725	散田町	２丁目	1100-5	図上測量()
13201-0101-39.zip	筆	H000001441	F000001441	子安町	１丁目	385-3	図上測量()
13201-0101-392.zip	筆	H000000098	F000000098	東浅川町		550-124	図上測量()
13201-0101-392.zip	筆	H000000101	F000000101	東浅川町		550-37	図上測量()
13201-0101-392.zip	筆	H000000104	F000000104	東浅川町		550-74	図上測量()
13201-0101-4.zip	筆	H000000293	F000000293	旭町		155-6	図上測量()
13201-0101-40.zip	筆	H000000932	F000000932	子安町	２丁目	長狭物不明-15	図上測量()
13201-0101-40.zip	筆	H000001081	F000001081	子安町	２丁目	長狭物不明-22	図上測量()
13201-0101-434.zip	筆	H000006445	F000006445	七国	６丁目	43-118	測量成果(甲二)
13201-0101-436.zip	筆	H000000400	F000000400	別所	２丁目	35-1	図上測量()
13201-0101-44.zip	筆	H000001260	F000001260	大船町		91-1	図上測量()
13201-0101-46.zip	筆	H000001583	F000001583	初沢町		1389-1W3	図上測量()
13201-0101-465.zip	筆	H000000756	F000000756	越野		35-1	測量成果()
13201-0101-465.zip	筆	H000000925	F000000925	越野		32-45	測量成果()
13201-0101-465.zip	筆	H000001190	F000001190	堀之内		256-15	測量成果(甲二)
13201-0101-465.zip	筆	H000001334	F000001334	堀之内		256-180	測量成果(甲二)
13201-0101-465.zip	筆	H000001631	F000001631	堀之内		192-10	測量成果()
13201-0101-468.zip	筆	H000000761	F000000761	鑓水	２丁目	98-1	図上測量(甲二)
13201-0101-468.zip	筆	H000000798	F000000798	鑓水	２丁目	63-44	図上測量()
13201-0101-468.zip	筆	H000000977	F000000977	鑓水	２丁目	72-78	図上測量()
13201-0101-468.zip	筆	H000000997	F000000997	鑓水	２丁目	72-17	図上測量()
13201-0101-468.zip	筆	H000001058	F000001058	鑓水	２丁目	85-2	図上測量()
13201-0101-468.zip	筆	H000001090	F000001090	鑓水	２丁目	85-1	図上測量()
13201-0101-47.zip	筆	H000000060	F000000060	初沢町		1389-167W2	図上測量()
13201-0101-47.zip	筆	H000000061	F000000061	初沢町		1389-167W1	図上測量()
13201-0101-474.zip	筆	H000000024	F000000024	椚田町		1213-1	図上測量()
13201-0101-478.zip	筆	H000000241	F000000241	椚田町		598-1W2	図上測量(甲二)
13201-0101-481.zip	筆	H000000719	F000000719	椚田町		598-1W1	図上測量(甲二)
13201-0101-481.zip	筆	H000000749	F000000749	椚田町		603-1	図上測量(甲二)
13201-0101-481.zip	筆	H000000764	F000000764	椚田町		611W3	図上測量(甲二)
13201-0101-5.zip	筆	H000003131	F000003131	宇津木町		道-18	図上測量()
13201-0101-60.zip	筆	H000000296	F000000296	上恩方町		1729-1ｲ	図上測量()
13201-0101-64.zip	筆	H000000618	F000000618	上恩方町		4308-1	図上測量()
13201-0101-67.zip	筆	H000000207	F000000207	上恩方町		3079-ｲ	図上測量()
13201-0101-72.zip	筆	H000000278	F000000278	上恩方町		3427-ｲ	図上測量()
13201-0101-72.zip	筆	H000000279	F000000279	上恩方町		3430-ｲ	図上測量()
13201-0101-72.zip	筆	H000000280	F000000280	上恩方町		3432-ｲ	図上測量()
13201-0101-79.zip	筆	H000002457	F000002457	上川町		道-75	図上測量()
13201-0101-79.zip	筆	H000002460	F000002460	上川町		道-156	図上測量()
13201-0101-84.zip	筆	H000001883	F000001883	上柚木		長狭物不明-48-1	図上測量()
13201-0101-85.zip	筆	H000001516	F000001516	上柚木		道-45	図上測量()
13201-0101-85.zip	筆	H000001555	F000001555	上柚木		長狭物不明-88	図上測量()
13201-0101-89.zip	筆	H000003135	F000003135	西寺方町		76-1X(1/2)	図上測量()
13201-0101-92.zip	筆	H000002272	F000002272	大塚		長狭物不明-69	図上測量()
13201-0101-92.zip	筆	H000002543	F000002543	大塚		長狭物不明-110-1	図上測量()
13201-0101-95.zip	筆	H000000279	F000000279	大和田町	１丁目	長狭物不明-18	図上測量()
13201-0101-96.zip	筆	H000001057	F000001057	滝山町	１丁目	411-1	図上測量()
13201-0101-97.zip	筆	H000000981	F000000981	滝山町	２丁目	水-12	図上測量()
13201-0101-97.zip	筆	H000001001	F000001001	滝山町	２丁目	水-6	図上測量()
13201-0101-99.zip	筆	H000001256	F000001256	中野山王	１丁目	1279-1	図上測量()
13201-0101-99.zip	筆	H000001273	F000001273	中野山王	１丁目	1279-4	図上測量()
13202-0128-14.zip	筆	H000000700	F000000700	錦町	１丁目	長狭物不明-9	図上測量()
13202-0128-26.zip	筆	H000000977	F000000977	高松町	３丁目	33-1	図上測量()
13202-0128-34.zip	筆	H000000685	F000000685	柴崎町	２丁目	長狭物不明-52	図上測量()
13202-0128-36.zip	筆	H000001249	F000001249	柴崎町	４丁目	長狭物不明-23	図上測量()
13202-0128-4.zip	筆	H000000067	F000000067	一番町	５丁目	8-12W1	図上測量()
13202-0128-42.zip	筆	H000001261	F000001261	若葉町	２丁目	30-3	図上測量()
13202-0128-51.zip	筆	H000000850	F000000850	西砂町	１丁目	2-29	図上測量()
13202-0128-68.zip	筆	H000000139	F000000139	泉町		1156-1W2	図上測量()
13202-0128-68.zip	筆	H000000140	F000000140	泉町		1156-1W3	図上測量()
13202-0128-68.zip	筆	H000000172	F000000172	泉町		935-27W3	図上測量()
13202-0128-69.zip	筆	H000000898	F000000898	羽衣町	１丁目	3046-3	図上測量()
13202-0128-7.zip	筆	H000001789	F000001789	羽衣町	２丁目	長狭物不明-5	図上測量()
13202-0128-85.zip	筆	H000000968	F000000968	富士見町	７丁目	261-11	図上測量()
13203-0124-11.zip	筆	H000000926	F000000926	吉祥寺南町	４丁目	2406-19	図上測量()
13203-0124-40.zip	筆	H000001313	F000001313	吉祥寺北町	３丁目	1228-6	図上測量()
13203-0124-9.zip	筆	H000000834	F000000834	吉祥寺南町	１丁目	2700-1W2	図上測量()
13204-0124-1.zip	筆	H000001178	F000001178	井の頭	１丁目	道-10	図上測量()
13204-0124-13.zip	筆	H000000205	F000000205	下連雀	５丁目	930-9	図上測量()
13204-0124-19.zip	筆	H000001533	F000001533	上連雀	５丁目	602-1X(1/6)	図上測量()
13204-0124-22.zip	筆	H000001144	F000001144	上連雀	９丁目	道-5	図上測量()
13204-0124-30.zip	筆	H000001462	F000001462	大沢	２丁目	1600-34	図上測量()
13204-0124-31.zip	筆	H000000685	F000000685	大沢	３丁目	1614-29	図上測量()
13204-0124-31.zip	筆	H000000748	F000000748	大沢	３丁目	1500-1W8	図上測量()
13204-0124-32.zip	筆	H000001873	F000001873	大沢	４丁目	842-48	図上測量()
13204-0124-35.zip	筆	H000001604	F000001604	中原	１丁目	長狭物不明-13	図上測量()
13204-0124-35.zip	筆	H000002015	F000002015	中原	１丁目	道-9	図上測量()
13204-0124-37.zip	筆	H000001199	F000001199	中原	３丁目	道-7	図上測量()
13204-0124-44.zip	筆	H000001245	F000001245	牟礼	５丁目	道-1	図上測量()
13204-0124-46.zip	筆	H000001070	F000001070	牟礼	６丁目	道-9	図上測量()
13204-0124-48.zip	筆	H000000826	F000000826	野崎	２丁目	141-1	図上測量()
13204-0124-5.zip	筆	H000000895	F000000895	井の頭	４丁目	389-7	図上測量()
13204-0124-59.zip	筆	H000001061	F000001061	上連雀	８丁目	道-5	図上測量()
13204-0124-6.zip	筆	H000001378	F000001378	井の頭	５丁目	494-7	図上測量()
13204-0124-61.zip	筆	H000000698	F000000698	新川	５丁目	長狭物不明-30	図上測量()
13204-0124-61.zip	筆	H000000810	F000000810	新川	３丁目	長狭物不明-27	図上測量()
13204-0124-66.zip	筆	H000001588	F000001588	中原	２丁目	道-9	図上測量()
13204-0124-67.zip	筆	H000002311	F000002311	中原	４丁目	水-6	図上測量()
13204-0124-67.zip	筆	H000002496	F000002496	中原	４丁目	道-6	図上測量()
13204-0124-7.zip	筆	H000001300	F000001300	井口	１丁目	道-8	図上測量()
13204-0124-71.zip	筆	H000001518	F000001518	野崎	３丁目	1410-1	図上測量()
13205-0131-1.zip	筆	H000000520	F000000520	河辺町	１丁目	道-5	図上測量()
13205-0131-117.zip	筆	H000000562	F000000562	二俣尾	５丁目	道-18	図上測量()
13205-0131-118.zip	筆	H000001336	F000001336	日向和田	３丁目	道-41	図上測量()
13205-0131-119.zip	筆	H000001463	F000001463	梅郷	１丁目	道-113	図上測量()
13205-0131-119.zip	筆	H000001503	F000001503	梅郷	２丁目	道-73	図上測量()
13205-0131-119.zip	筆	H000001559	F000001559	梅郷	２丁目	道-44	図上測量()
13205-0131-14.zip	筆	H000001297	F000001297	御岳本町		362-8	図上測量()
13205-0131-14.zip	筆	H000001373	F000001373	御岳本町		276-1	図上測量()
13205-0131-141.zip	筆	H000001113	F000001113	裏宿町		872-8	図上測量()
13205-0131-142.zip	筆	H000001416	F000001416	和田町	２丁目	道-3	図上測量()
13205-0131-143.zip	筆	H000001130	F000001130	塩船		47-1	図上測量()
13205-0131-144.zip	筆	H000000586	F000000586	河辺町	３丁目	1111-1	図上測量()
13205-0131-146.zip	筆	H000001075	F000001075	黒沢	１丁目	道-70	図上測量()
13205-0131-146.zip	筆	H000001103	F000001103	黒沢	１丁目	693-52	図上測量(乙二)
13205-0131-146.zip	筆	H000001104	F000001104	黒沢	１丁目	693-51X(2/2)	図上測量()
13205-0131-149.zip	筆	H000000589	F000000589	黒沢	３丁目	道-161	図上測量()
13205-0131-152.zip	筆	H000002500	F000002500	根ヶ布	１丁目	475-4	図上測量()
13205-0131-158.zip	筆	H000001739	F000001739	長淵	１丁目	道-28	図上測量()
13205-0131-160.zip	筆	H000000847	F000000847	天ヶ瀬町		925-1	図上測量()
13205-0131-164.zip	筆	H000003150	F000003150	梅郷	４丁目	730-1	図上測量()
13205-0131-164.zip	筆	H000003342	F000003342	梅郷	５丁目	道-84	図上測量()
13205-0131-165.zip	筆	H000001316	F000001316	畑中	３丁目	道-22	図上測量()
13205-0131-166.zip	筆	H000001348	F000001348	畑中	３丁目	道-33	図上測量()
13205-0131-22.zip	筆	H000000480	F000000480	今寺	１丁目	816-29	図上測量()
13205-0131-25.zip	筆	H000000449	F000000449	今寺	３丁目	471-10	図上測量()
13205-0131-25.zip	筆	H000000492	F000000492	今寺	３丁目	道-2	図上測量()
13205-0131-36.zip	筆	H000001154	F000001154	勝沼	２丁目	道-17	図上測量()
13205-0131-42.zip	筆	H000001513	F000001513	小曾木	４丁目	道-40	図上測量()
13205-0131-43.zip	筆	H000000879	F000000879	小曾木	５丁目	2954-1W1	図上測量()
13205-0131-7.zip	筆	H000001208	F000001208	駒木町	１丁目	道-7	図上測量()
13205-0131-73.zip	筆	H000000351	F000000351	成木	８丁目	1035-1	図上測量()
13205-0131-77.zip	筆	H000001253	F000001253	千ヶ瀬町	２丁目	道-8	図上測量()
13205-0131-79.zip	筆	H000001087	F000001087	千ヶ瀬町	３丁目	440-1	図上測量()
13205-0131-8.zip	筆	H000001399	F000001399	駒木町	２丁目	371-1	図上測量()
13205-0131-8.zip	筆	H000001408	F000001408	駒木町	２丁目	151-4	図上測量()
13205-0131-80.zip	筆	H000000719	F000000719	千ヶ瀬町	４丁目	道-1	図上測量()
13205-0131-80.zip	筆	H000000742	F000000742	千ヶ瀬町	４丁目	319-1	図上測量()
13205-0131-82.zip	筆	H000000638	F000000638	千ヶ瀬町	６丁目	890-1	図上測量()
13205-0131-82.zip	筆	H000000649	F000000649	千ヶ瀬町	６丁目	897-1	図上測量()
13205-0131-83.zip	筆	H000001179	F000001179	大門	１丁目	道-22	図上測量()
13205-0131-85.zip	筆	H000000525	F000000525	滝ノ上町		道-7	図上測量()
13205-0131-85.zip	筆	H000000545	F000000545	滝ノ上町		1219-4	図上測量()
13205-0131-87.zip	筆	H000002023	F000002023	沢井	３丁目	493-1	図上測量()
13205-0131-87.zip	筆	H000002113	F000002113	沢井	３丁目	888-1W3	図上測量()
13205-0131-88.zip	筆	H000000658	F000000658	沢井	３丁目	480-1	図上測量()
13205-0131-88.zip	筆	H000000661	F000000661	沢井	３丁目	571-1W1	図上測量()
13205-0131-90.zip	筆	H000001117	F000001117	谷野		道-6	図上測量()
13205-0131-92.zip	筆	H000001153	F000001153	長淵	２丁目	1204-3	図上測量()
13205-0131-95.zip	筆	H000002209	F000002209	長淵	８丁目	道-6	図上測量()
13206-0124-1.zip	筆	H000002785	F000002785	栄町	１丁目	12-1	図上測量()
13206-0124-12.zip	筆	H000001367	F000001367	八幡町	３丁目	長狭物不明-21-2	図上測量()
13206-0124-12.zip	筆	H000001623	F000001623	八幡町	２丁目	長狭物不明-7	図上測量()
13206-0124-16.zip	筆	H000003463	F000003463	押立町	５丁目	19-7	図上測量()
13206-0124-17.zip	筆	H000001101	F000001101	宮町	３丁目	長狭物不明-24	図上測量()
13206-0124-18.zip	筆	H000004053	F000004053	紅葉丘	２丁目	26-1	図上測量()
13206-0124-18.zip	筆	H000004216	F000004216	紅葉丘	３丁目	34-12	図上測量()
13206-0124-19.zip	筆	H000004212	F000004212	四谷	３丁目	道-63	図上測量()
13206-0124-19.zip	筆	H000005254	F000005254	四谷	３丁目	55-47W3	図上測量()
13206-0124-2.zip	筆	H000001013	F000001013	宮西町	１丁目	長狭物不明-2	図上測量()
13206-0124-2.zip	筆	H000001022	F000001022	宮西町	２丁目	長狭物不明-5	図上測量()
13206-0124-20.zip	筆	H000003148	F000003148	四谷	５丁目	39-3	図上測量()
13206-0124-20.zip	筆	H000003620	F000003620	四谷	５丁目	41-82	図上測量()
13206-0124-20.zip	筆	H000003703	F000003703	四谷	４丁目	水-14	図上測量()
13206-0124-22.zip	筆	H000001110	F000001110	寿町	２丁目	22-2	図上測量()
13206-0124-23.zip	筆	H000005392	F000005392	住吉町	３丁目	水-28	図上測量()
13206-0124-23.zip	筆	H000005488	F000005488	住吉町	４丁目	道-45	図上測量()
13206-0124-25.zip	筆	H000004093	F000004093	新町	１丁目	18-4W2	()
13206-0124-26.zip	筆	H000004840	F000004840	是政	１丁目	水-3-1	図上測量()
13206-0124-26.zip	筆	H000004974	F000004974	是政	２丁目	水-42	図上測量()
13206-0124-29.zip	筆	H000003413	F000003413	清水が丘	３丁目	11-1	図上測量()
13206-0124-32.zip	筆	H000001846	F000001846	朝日町	３丁目	7-1W2	図上測量()
13206-0124-34.zip	筆	H000005422	F000005422	南町	５丁目	水-100	図上測量()
13206-0124-36.zip	筆	H000007215	F000007215	白糸台	５丁目	道-88	図上測量()
13206-0124-36.zip	筆	H000007276	F000007276	白糸台	２丁目	道-41	図上測量()
13206-0124-36.zip	筆	H000007964	F000007964	白糸台	２丁目	道-30	図上測量()
13206-0124-36.zip	筆	H000008007	F000008007	白糸台	６丁目	道-95	図上測量()
13206-0124-36.zip	筆	H000008114	F000008114	白糸台	１丁目	道-22	図上測量()
13206-0124-36.zip	筆	H000008135	F000008135	白糸台	１丁目	道-10	図上測量()
13206-0124-36.zip	筆	H000008207	F000008207	白糸台	３丁目	道-55	図上測量()
13206-0124-36.zip	筆	H000008238	F000008238	白糸台	３丁目	道-44	図上測量()
13206-0124-36.zip	筆	H000008337	F000008337	白糸台	４丁目	道-79	()
13206-0124-39.zip	筆	H000003123	F000003123	武蔵台	２丁目	8-49	図上測量()
13206-0124-39.zip	筆	H000003453	F000003453	武蔵台	２丁目	24-2	図上測量()
13206-0124-4.zip	筆	H000001938	F000001938	若松町	２丁目	5-11	図上測量()
13206-0124-40.zip	筆	H000004178	F000004178	分梅町	１丁目	8-1	図上測量()
13206-0124-42.zip	筆	H000002952	F000002952	本宿町	１丁目	長狭物不明-5	図上測量()
13206-0124-8.zip	筆	H000000074	F000000074	東芝町		2-1	図上測量()
13206-0124-9.zip	筆	H000000118	F000000118	日吉町		5-1W3	図上測量()
13206-0124-9.zip	筆	H000000133	F000000133	日吉町		2-1X(6/7)	図上測量()
13207-0128-42.zip	筆	H000001269	F000001269	田中町	２丁目	道-28	図上測量()
13207-0128-57.zip	筆	H000000122	F000000122	拝島町	６丁目	乙53-1	図上測量()
13207-0128-59.zip	筆	H000000832	F000000832	美堀町	１丁目	355-231	図上測量()
13207-0128-60.zip	筆	H000001143	F000001143	美堀町	２丁目	4051-25X(2/2)	図上測量()
13207-0128-62.zip	筆	H000000328	F000000328	美堀町	４丁目	3912-3	図上測量()
13207-0128-67.zip	筆	H000001376	F000001376	福島町	３丁目	水-12	図上測量()
13207-0128-69.zip	筆	H000001447	F000001447	緑町	３丁目	2585-1	図上測量()
13207-0128-75.zip	筆	H000001515	F000001515	中神町	２丁目	水-23	図上測量()
13207-0128-76.zip	筆	H000003445	F000003445	中神町		1257-1W1	図上測量()
13207-0128-78.zip	筆	H000001565	F000001565	田中町	１丁目	道-6	図上測量()
13207-0128-80.zip	筆	H000001260	F000001260	緑町	２丁目	道-2	図上測量()
13207-0128-98.zip	筆	H000000137	F000000137	もくせいの杜	２丁目	50-95	測量成果(甲二)
13207-0128-98.zip	筆	H000000264	F000000264	もくせいの杜	２丁目	50-168	測量成果(甲二)
13208-0124-14.zip	筆	H000003496	F000003496	下石原	１丁目	道-6	図上測量()
13208-0124-15.zip	筆	H000003908	F000003908	菊野台	３丁目	52-4	図上測量()
13208-0124-15.zip	筆	H000004150	F000004150	菊野台	３丁目	道-31	図上測量()
13208-0124-15.zip	筆	H000004453	F000004453	菊野台	１丁目	55-1	図上測量()
13208-0124-16.zip	筆	H000007207	F000007207	国領町	５丁目	道-73	図上測量()
13208-0124-16.zip	筆	H000007985	F000007985	国領町	６丁目	道-89	図上測量()
13208-0124-17.zip	筆	H000004080	F000004080	佐須町	４丁目	水-55	図上測量()
13208-0124-17.zip	筆	H000004455	F000004455	佐須町	３丁目	道-14	図上測量()
13208-0124-18.zip	筆	H000002352	F000002352	柴崎	２丁目	17-2	図上測量()
13208-0124-19.zip	筆	H000002381	F000002381	若葉町	３丁目	24-4	図上測量()
13208-0124-19.zip	筆	H000002726	F000002726	若葉町	２丁目	道-20	図上測量()
13208-0124-20.zip	筆	H000003929	F000003929	小島町	２丁目	28-5	図上測量()
13208-0124-20.zip	筆	H000004092	F000004092	小島町	３丁目	道-79	図上測量()
13208-0124-21.zip	筆	H000004189	F000004189	深大寺元町	５丁目	道-90	図上測量()
13208-0124-21.zip	筆	H000004194	F000004194	深大寺元町	５丁目	道-66	図上測量()
13208-0124-21.zip	筆	H000004890	F000004890	深大寺元町	２丁目	道-11	図上測量()
13208-0124-21.zip	筆	H000004945	F000004945	深大寺元町	２丁目	道-17	図上測量()
13208-0124-21.zip	筆	H000005018	F000005018	深大寺元町	５丁目	道-78	図上測量()
13208-0124-21.zip	筆	H000005106	F000005106	深大寺元町	４丁目	道-36	図上測量()
13208-0124-22.zip	筆	H000007364	F000007364	深大寺東町	５丁目	道-55	図上測量()
13208-0124-22.zip	筆	H000007490	F000007490	深大寺東町	１丁目	道-9	図上測量()
13208-0124-22.zip	筆	H000007818	F000007818	深大寺東町	１丁目	道-17	図上測量()
13208-0124-22.zip	筆	H000008262	F000008262	深大寺東町	４丁目	道-43	図上測量()
13208-0124-22.zip	筆	H000008473	F000008473	深大寺東町	３丁目	道-27	図上測量()
13208-0124-22.zip	筆	H000008484	F000008484	深大寺東町	５丁目	11-7	図上測量()
13208-0124-22.zip	筆	H000008523	F000008523	深大寺東町	１丁目	道-11	図上測量()
13208-0124-23.zip	筆	H000004477	F000004477	西つつじケ丘	４丁目	道-47	図上測量()
13208-0124-23.zip	筆	H000005215	F000005215	西つつじケ丘	４丁目	道-51	図上測量()
13208-0124-24.zip	筆	H000005894	F000005894	多摩川	３丁目	道-33	図上測量()
13208-0124-24.zip	筆	H000006117	F000006117	多摩川	３丁目	道-52	図上測量()
13208-0124-25.zip	筆	H000003014	F000003014	調布ケ丘	４丁目	道-45	図上測量()
13208-0124-28.zip	筆	H000004668	F000004668	布田	５丁目	道-45	図上測量()
13208-0124-28.zip	筆	H000004903	F000004903	布田	４丁目	道-37	図上測量()
13208-0124-28.zip	筆	H000005046	F000005046	布田	３丁目	道-22-1	図上測量()
13208-0124-28.zip	筆	H000005102	F000005102	布田	３丁目	59-15	図上測量()
13208-0124-28.zip	筆	H000005164	F000005164	布田	６丁目	道-54	図上測量()
13208-0124-28.zip	筆	H000005237	F000005237	布田	６丁目	道-61	図上測量()
13208-0124-28.zip	筆	H000005431	F000005431	布田	５丁目	道-44	図上測量()
13208-0124-28.zip	筆	H000005442	F000005442	布田	３丁目	道-23	図上測量()
13208-0124-3.zip	筆	H000004050	F000004050	上石原	３丁目	長狭物不明-62	図上測量()
13208-0124-3.zip	筆	H000004413	F000004413	上石原	３丁目	水-14	図上測量()
13208-0124-4.zip	筆	H000003251	F000003251	深大寺南町	４丁目	道-30	図上測量()
13208-0124-5.zip	筆	H000004951	F000004951	深大寺北町	１丁目	道-2	図上測量()
13208-0124-5.zip	筆	H000005711	F000005711	深大寺北町	２丁目	道-15	図上測量()
13208-0124-5.zip	筆	H000005851	F000005851	深大寺北町	３丁目	道	図上測量()
13208-0124-5.zip	筆	H000005891	F000005891	深大寺北町	７丁目	道-57	図上測量()
13208-0124-7.zip	筆	H000002698	F000002698	仙川町	２丁目	15-58	図上測量()
13208-0124-8.zip	筆	H000004631	F000004631	染地	２丁目	43-105	図上測量()
13209-0123-104.zip	筆	H000002289	F000002289	小野路町		1571-1	図上測量()
13209-0123-104.zip	筆	H000002305	F000002305	小野路町		882-1	図上測量()
13209-0123-104.zip	筆	H000002335	F000002335	小野路町		道-218	図上測量()
13209-0123-105.zip	筆	H000002587	F000002587	小野路町		2291-6	図上測量()
13209-0123-107.zip	筆	H000001637	F000001637	上小山田町		道-1249	図上測量()
13209-0123-107.zip	筆	H000001822	F000001822	上小山田町		道-191	図上測量()
13209-0123-114.zip	筆	H000005465	F000005465	図師町		長狭物不明-1171	図上測量()
13209-0123-116.zip	筆	H000002161	F000002161	図師町		道-723	図上測量()
13209-0123-116.zip	筆	H000002536	F000002536	図師町		長狭物不明-1743	図上測量()
13209-0123-118.zip	筆	H000003298	F000003298	西成瀬	１丁目	道-363	図上測量()
13209-0123-119.zip	筆	H000002533	F000002533	成瀬	５丁目	道-58	図上測量()
13209-0123-123.zip	筆	H000002813	F000002813	相原町		道-61	図上測量()
13209-0123-123.zip	筆	H000002993	F000002993	相原町		道-565	図上測量()
13209-0123-126.zip	筆	H000001822	F000001822	相原町		4109-3	図上測量()
13209-0123-127.zip	筆	H000000917	F000000917	相原町		4391-7	図上測量()
13209-0123-127.zip	筆	H000000992	F000000992	相原町		道-204-1	図上測量()
13209-0123-128.zip	筆	H000004287	F000004287	南町田	１丁目	道-10	図上測量()
13209-0123-13.zip	筆	H000000779	F000000779	広袴町		637-1	図上測量()
13209-0123-131.zip	筆	H000002551	F000002551	大蔵町		道-137	図上測量()
13209-0123-131.zip	筆	H000002811	F000002811	大蔵町		道-38	図上測量()
13209-0123-131.zip	筆	H000002898	F000002898	大蔵町		道-153	図上測量()
13209-0123-133.zip	筆	H000003960	F000003960	鶴間	８丁目	1560-2	図上測量()
13209-0123-139.zip	筆	H000002510	F000002510	南大谷		水-171	図上測量()
13209-0123-139.zip	筆	H000002571	F000002571	南大谷		508-3	図上測量()
13209-0123-139.zip	筆	H000003308	F000003308	南大谷		道-17	図上測量()
13209-0123-140.zip	筆	H000002806	F000002806	南大谷		道-13	図上測量()
13209-0123-140.zip	筆	H000003351	F000003351	南大谷		1231-3	図上測量()
13209-0123-140.zip	筆	H000003459	F000003459	南大谷		道-3	図上測量()
13209-0123-140.zip	筆	H000003714	F000003714	南大谷		1329-55	図上測量()
13209-0123-141.zip	筆	H000002012	F000002012	能ヶ谷	２丁目	1174-1	図上測量()
13209-0123-141.zip	筆	H000002101	F000002101	能ヶ谷	４丁目	772-1	図上測量()
13209-0123-141.zip	筆	H000002433	F000002433	能ヶ谷	４丁目	道-34	図上測量()
13209-0123-141.zip	筆	H000002913	F000002913	能ヶ谷	６丁目	842-1	図上測量()
13209-0123-142.zip	筆	H000000654	F000000654	矢部町		2663-3W1	図上測量()
13209-0123-142.zip	筆	H000000755	F000000755	矢部町		長狭物不明-8	図上測量()
13209-0123-143.zip	筆	H000001340	F000001340	能ヶ谷	７丁目	1598-1W2	図上測量()
13209-0123-145.zip	筆	H000003124	F000003124	本町田		944-1	図上測量()
13209-0123-146.zip	筆	H000003311	F000003311	本町田		道-90	図上測量()
13209-0123-146.zip	筆	H000003716	F000003716	本町田		道-131	図上測量()
13209-0123-147.zip	筆	H000003092	F000003092	本町田		3654-1	図上測量()
13209-0123-148.zip	筆	H000001493	F000001493	木曽西	４丁目	1978-8	図上測量()
13209-0123-149.zip	筆	H000002995	F000002995	木曽東	４丁目	1464-2	図上測量()
13209-0123-151.zip	筆	H000003941	F000003941	野津田町		1368-33	図上測量()
13209-0123-151.zip	筆	H000004356	F000004356	野津田町		長狭物不明-978	図上測量()
13209-0123-151.zip	筆	H000004388	F000004388	野津田町		1383-1	図上測量()
13209-0123-151.zip	筆	H000004504	F000004504	野津田町		道-58	図上測量()
13209-0123-151.zip	筆	H000004704	F000004704	野津田町		道-521	図上測量()
13209-0123-151.zip	筆	H000004726	F000004726	野津田町		道-436	図上測量()
13209-0123-154.zip	筆	H000001615	F000001615	野津田町		2773	図上測量()
13209-0123-156.zip	筆	H000001314	F000001314	野津田町		3425	図上測量()
13209-0123-156.zip	筆	H000001412	F000001412	野津田町		3210-4W2	図上測量()
13209-0123-156.zip	筆	H000001529	F000001529	野津田町		道-457	図上測量()
13209-0123-16.zip	筆	H000001347	F000001347	小山町		長狭物不明-657	図上測量()
13209-0123-17.zip	筆	H000001653	F000001653	南つくし野	１丁目	無地番-2	図上測量()
13209-0123-17.zip	筆	H000001829	F000001829	小川	６丁目	1561-1	図上測量()
13209-0123-19.zip	筆	H000002040	F000002040	小野路町		道-208	図上測量()
13209-0123-212.zip	筆	H000000207	F000000207	鶴川	３丁目	53-1X(1/3)	図上測量()
13209-0123-212.zip	筆	H000000224	F000000224	鶴川	３丁目	53-1X(2/3)	図上測量()
13209-0123-22.zip	筆	H000001531	F000001531	上小山田町		道-20	図上測量()
13209-0123-22.zip	筆	H000001534	F000001534	上小山田町		道-1200	図上測量()
13209-0123-22.zip	筆	H000001667	F000001667	上小山田町		道-1163	図上測量()
13209-0123-22.zip	筆	H000001724	F000001724	上小山田町		道-26	図上測量()
13209-0123-239.zip	筆	H000002343	F000002343	木曽西	３丁目	21-17	測量成果(甲二)
13209-0123-261.zip	筆	H000000004	F000000004	相原町		3098-6	図上測量(甲二)
13209-0123-27.zip	筆	H000000621	F000000621	真光寺	３丁目	4-13	図上測量()
13209-0123-29.zip	筆	H000000855	F000000855	図師町		997-1	図上測量()
13209-0123-3.zip	筆	H000001965	F000001965	下小山田町		水-561	図上測量()
13209-0123-3.zip	筆	H000001991	F000001991	下小山田町		387-16	図上測量()
13209-0123-3.zip	筆	H000002033	F000002033	下小山田町		363	図上測量()
13209-0123-3.zip	筆	H000002157	F000002157	下小山田町		長狭物不明-131	図上測量()
13209-0123-37.zip	筆	H000001476	F000001476	相原町		道-346	図上測量()
13209-0123-49.zip	筆	H000002629	F000002629	木曽東	１丁目	149-1X(1/3）	図上測量()
13209-0123-53.zip	筆	H000001245	F000001245	下小山田町		2174-2	図上測量()
13209-0123-53.zip	筆	H000001251	F000001251	下小山田町		2228-1	図上測量()
13209-0123-53.zip	筆	H000001275	F000001275	下小山田町		長狭物不明-1883	図上測量()
13209-0123-54.zip	筆	H000001069	F000001069	下小山田町		2321-1	図上測量()
13209-0123-54.zip	筆	H000001132	F000001132	下小山田町		水-519	図上測量()
13209-0123-54.zip	筆	H000001139	F000001139	下小山田町		長狭物不明-1651	図上測量()
13209-0123-58.zip	筆	H000001321	F000001321	下小山田町		3212-1	図上測量()
13209-0123-59.zip	筆	H000001531	F000001531	下小山田町		道-1072	図上測量()
13209-0123-61.zip	筆	H000003804	F000003804	金井ヶ丘	４丁目	道-14	図上測量()
13209-0123-67.zip	筆	H000003003	F000003003	金井	８丁目	1469-1	図上測量()
13209-0123-70.zip	筆	H000000834	F000000834	金森	１丁目	長狭物不明-1	図上測量()
13209-0123-77.zip	筆	H000004045	F000004045	高ヶ坂	４丁目	道-372	図上測量()
13209-0123-77.zip	筆	H000004362	F000004362	高ヶ坂	１丁目	道-56-2	図上測量()
13209-0123-77.zip	筆	H000004472	F000004472	高ヶ坂	４丁目	道-23	図上測量()
13209-0123-78.zip	筆	H000003018	F000003018	金森東	１丁目	1156-13	図上測量()
13209-0123-86.zip	筆	H000000965	F000000965	山崎町		2248-4	図上測量()
13209-0123-86.zip	筆	H000001002	F000001002	山崎町		2160-1W2	図上測量()
13209-0123-86.zip	筆	H000001009	F000001009	山崎町		2160-4X(2/2)	図上測量()
13209-0123-87.zip	筆	H000003599	F000003599	常盤町		3109-1	図上測量()
13209-0123-87.zip	筆	H000003788	F000003788	常盤町		道-34	図上測量()
13209-0123-87.zip	筆	H000003802	F000003802	常盤町		道-9	図上測量()
13209-0123-87.zip	筆	H000004031	F000004031	常盤町		道-8	図上測量()
13209-0123-87.zip	筆	H000004076	F000004076	常盤町		道-206	図上測量()
13209-0123-93.zip	筆	H000000285	F000000285	小山ヶ丘	６丁目	1-1	図上測量(甲二)
13209-0123-95.zip	筆	H000004505	F000004505	小山町		92-11	図上測量()
13209-0123-95.zip	筆	H000004923	F000004923	小山町		長狭物不明-106	図上測量()
13209-0123-95.zip	筆	H000005489	F000005489	小山町		長狭物不明-13	図上測量()
13209-0123-95.zip	筆	H000005546	F000005546	小山町		長狭物不明-159	図上測量()
13209-0123-95.zip	筆	H000005680	F000005680	小山町		長狭物不明-166	図上測量()
13209-0123-95.zip	筆	H000005975	F000005975	小山町		長狭物不明-21	図上測量()
13209-0123-95.zip	筆	H000005982	F000005982	小山町		長狭物不明-32	図上測量()
13209-0123-96.zip	筆	H000001813	F000001813	小山町		長狭物不明-463	図上測量()
13209-0123-96.zip	筆	H000001964	F000001964	小山町		道-2	図上測量()
13209-0123-96.zip	筆	H000001969	F000001969	小山町		道-4-1	図上測量()
13209-0123-97.zip	筆	H000002027	F000002027	小山町		長狭物不明-374-3	図上測量()
13209-0123-98.zip	筆	H000001849	F000001849	小山町		道-14	図上測量()
13210-0124-2.zip	筆	H000005044	F000005044	梶野町	３丁目	390-1X(1/2)	図上測量()
13210-0124-4.zip	筆	H000005419	F000005419	貫井北町	４丁目	386-3	図上測量()
13210-0124-6.zip	筆	H000002202	F000002202	前原町	１丁目	579-2	図上測量()
13210-0124-7.zip	筆	H000004817	F000004817	前原町	５丁目	811-5	図上測量()
13210-0124-7.zip	筆	H000005944	F000005944	前原町	４丁目	750-1	図上測量()
13210-0124-8.zip	筆	H000005546	F000005546	中町	３丁目	道-32	図上測量()
13211-0127-10.zip	筆	H000000756	F000000756	たかの台		1421-63	図上測量()
13211-0127-12.zip	筆	H000003737	F000003737	花小金井	１丁目	807-36	図上測量()
13211-0127-12.zip	筆	H000003862	F000003862	花小金井	３丁目	136-1	図上測量()
13211-0127-13.zip	筆	H000004150	F000004150	花小金井	５丁目	487-9	図上測量()
13211-0127-13.zip	筆	H000004189	F000004189	花小金井	５丁目	551-1	図上測量()
13211-0127-14.zip	筆	H000003839	F000003839	花小金井南町	３丁目	長狭物不明-73	図上測量()
13211-0127-14.zip	筆	H000004222	F000004222	花小金井南町	３丁目	31-1	図上測量()
13211-0127-15.zip	筆	H000004074	F000004074	学園西町	２丁目	道-13	図上測量()
13211-0127-16.zip	筆	H000005014	F000005014	学園東町		627-1	図上測量()
13211-0127-18.zip	筆	H000002976	F000002976	小川西町	３丁目	2191-96W1	図上測量()
13211-0127-19.zip	筆	H000004346	F000004346	小川町	１丁目	591-6	図上測量()
13211-0127-22.zip	筆	H000003096	F000003096	小川東町	５丁目	2066-5W3	図上測量()
13211-0127-22.zip	筆	H000003566	F000003566	小川東町	５丁目	2066-5W2	図上測量()
13211-0127-28.zip	筆	H000003918	F000003918	鈴木町	１丁目	104-62	図上測量()
13211-0127-30.zip	筆	H000000010	F000000010	花小金井南町	１丁目	890-60	図上測量()
13211-0127-30.zip	筆	H000000023	F000000023	花小金井南町	１丁目	890-80	図上測量()
13211-0127-31.zip	筆	H000000124	F000000124	花小金井	４丁目	300-1	図上測量()
13212-0128-12.zip	筆	H000001124	F000001124	多摩平	２丁目	5-17	図上測量()
13212-0128-12.zip	筆	H000001280	F000001280	多摩平	２丁目	8-3	図上測量()
13212-0128-16.zip	筆	H000000193	F000000193	程久保		824-5X(1/2)	図上測量()
13212-0128-19.zip	筆	H000000917	F000000917	程久保	６丁目	道-34	図上測量()
13212-0128-2.zip	筆	H000001830	F000001830	旭が丘	１丁目	19-15	図上測量()
13212-0128-29.zip	筆	H000001969	F000001969	平山	５丁目	長狭物不明-82	図上測量()
13212-0128-38.zip	筆	H000004318	F000004318	西平山	３丁目	16-4	図上測量()
13212-0128-38.zip	筆	H000004438	F000004438	西平山	４丁目	4-12	図上測量()
13212-0128-38.zip	筆	H000005244	F000005244	西平山	５丁目	長狭物不明-143	図上測量()
13212-0128-39.zip	筆	H000001489	F000001489	大字川辺堀之内		道-30	図上測量()
13212-0128-39.zip	筆	H000001495	F000001495	大字川辺堀之内		道-34	図上測量()
13212-0128-42.zip	筆	H000002433	F000002433	大字日野		道-228	図上測量()
13212-0128-43.zip	筆	H000004583	F000004583	南平	３丁目	道-16	図上測量()
13212-0128-44.zip	筆	H000003469	F000003469	程久保	４丁目	水-31	図上測量()
13212-0128-46.zip	筆	H000001199	F000001199	東豊田	２丁目	長狭物不明-109	図上測量()
13212-0128-49.zip	筆	H000003621	F000003621	大字日野		866-1	図上測量()
13212-0128-52.zip	筆	H000002146	F000002146	百草		道-17-2	図上測量()
13212-0128-52.zip	筆	H000002320	F000002320	百草		道-15	図上測量()
13212-0128-52.zip	筆	H000002408	F000002408	百草		590-1	図上測量()
13212-0128-52.zip	筆	H000002551	F000002551	百草		507-14	図上測量()
13212-0128-52.zip	筆	H000002552	F000002552	百草		507-9	図上測量()
13212-0128-52.zip	筆	H000002571	F000002571	百草		道-267	図上測量()
13212-0128-54.zip	筆	H000003121	F000003121	落川		道-47	図上測量()
13212-0128-54.zip	筆	H000003194	F000003194	落川		道-31	図上測量()
13212-0128-64.zip	筆	H000001969	F000001969	万願寺	２丁目	43-1	測量成果(甲二)
13212-0128-78.zip	筆	H000002665	F000002665	栄町	５丁目	長狭物不明-121	図上測量()
13213-0127-10.zip	筆	H000001666	F000001666	富士見町	１丁目	13-18	図上測量()
13213-0127-13.zip	筆	H000004757	F000004757	廻田町	２丁目	道-21	図上測量()
13213-0127-14.zip	筆	H000003995	F000003995	久米川町	２丁目	道-43	図上測量()
13213-0127-14.zip	筆	H000004055	F000004055	久米川町	１丁目	11-2	図上測量()
13213-0127-15.zip	筆	H000004932	F000004932	久米川町	５丁目	道-57	図上測量()
13213-0127-15.zip	筆	H000005499	F000005499	久米川町	５丁目	24-4	図上測量()
13213-0127-18.zip	筆	H000002633	F000002633	諏訪町	３丁目	6-1	図上測量()
13213-0127-18.zip	筆	H000002903	F000002903	諏訪町	２丁目	道-28	図上測量()
13213-0127-20.zip	筆	H000003888	F000003888	萩山町	１丁目	道-3	図上測量()
13213-0127-24.zip	筆	H000004896	F000004896	野口町	３丁目	道-41	図上測量()
13213-0127-24.zip	筆	H000005005	F000005005	野口町	４丁目	水-34	図上測量()
13213-0127-24.zip	筆	H000005990	F000005990	野口町	３丁目	道-54	図上測量()
13213-0127-24.zip	筆	H000006211	F000006211	野口町	１丁目	道-2	図上測量()
13213-0127-7.zip	筆	H000003470	F000003470	多摩湖町	２丁目	28-96W2	図上測量()
13213-0127-7.zip	筆	H000003596	F000003596	多摩湖町	３丁目	15-97	図上測量()
13213-0127-9.zip	筆	H000003040	F000003040	美住町	２丁目	25-113	図上測量()
13214-0128-1.zip	筆	H000004591	F000004591	戸倉	２丁目	23-18	図上測量()
13214-0128-1.zip	筆	H000005120	F000005120	戸倉	４丁目	26-3	図上測量()
13214-0128-14.zip	筆	H000003925	F000003925	西恋ケ窪	１丁目	道-16	図上測量()
13214-0128-14.zip	筆	H000004215	F000004215	西恋ケ窪	３丁目	道-34	図上測量()
13214-0128-14.zip	筆	H000004726	F000004726	西恋ケ窪	１丁目	道-14	図上測量()
13214-0128-16.zip	筆	H000004872	F000004872	東恋ケ窪	５丁目	道-49	図上測量()
13214-0128-17.zip	筆	H000005187	F000005187	日吉町	２丁目	11-26	図上測量()
13214-0128-17.zip	筆	H000005281	F000005281	日吉町	２丁目	道-21	図上測量()
13215-0128-12.zip	筆	H000001739	F000001739	富士見台	１丁目	道-5	図上測量()
13215-0128-15.zip	筆	H000002233	F000002233	大字谷保		長狭物不明-328	図上測量()
13215-0128-15.zip	筆	H000002296	F000002296	大字谷保		長狭物不明-575	図上測量()
13215-0128-15.zip	筆	H000002977	F000002977	大字谷保		長狭物不明-371	図上測量()
13215-0128-15.zip	筆	H000003040	F000003040	谷保	７丁目	長狭物不明-769	図上測量()
13215-0128-15.zip	筆	H000003044	F000003044	谷保	７丁目	長狭物不明-234	図上測量()
13215-0128-15.zip	筆	H000003194	F000003194	大字谷保		長狭物不明-344	図上測量()
13215-0128-15.zip	筆	H000003215	F000003215	谷保	７丁目	19-6	図上測量()
13215-0128-15.zip	筆	H000003333	F000003333	大字谷保		長狭物不明-349	図上測量()
13215-0128-21.zip	筆	H000000469	F000000469	大字谷保		長狭物不明-615	図上測量()
13215-0128-7.zip	筆	H000003316	F000003316	大字谷保		長狭物不明-263	図上測量()
13215-0128-7.zip	筆	H000004009	F000004009	大字谷保		道-73	図上測量()
13215-0128-7.zip	筆	H000004363	F000004363	大字谷保		長狭物不明-558	図上測量()
13215-0128-7.zip	筆	H000004610	F000004610	大字谷保		道-4	図上測量()
13215-0128-7.zip	筆	H000004667	F000004667	大字谷保		長狭物不明-148	図上測量()
13215-0128-7.zip	筆	H000004671	F000004671	大字谷保		長狭物不明-385	図上測量()
13215-0128-8.zip	筆	H000000884	F000000884	大字谷保		道-37	図上測量()
13215-0128-8.zip	筆	H000001969	F000001969	矢川	３丁目	道-57	図上測量()
13218-0131-1.zip	筆	H000000832	F000000832	牛浜		道-4	図上測量()
13218-0131-9.zip	筆	H000000638	F000000638	本町		道-5	図上測量()
13219-0124-11.zip	筆	H000002758	F000002758	元和泉	３丁目	道-27	図上測量()
13219-0124-12.zip	筆	H000003806	F000003806	西野川	４丁目	長狭物不明-123	図上測量()
13219-0124-14.zip	筆	H000003221	F000003221	猪方	３丁目	道-20	図上測量()
13219-0124-14.zip	筆	H000003715	F000003715	猪方	３丁目	道-26	図上測量()
13219-0124-14.zip	筆	H000003742	F000003742	猪方	２丁目	150-19	図上測量()
13219-0124-8.zip	筆	H000004440	F000004440	和泉本町	４丁目	150-1W3	()
13219-0124-9.zip	筆	H000004425	F000004425	岩戸南	１丁目	長狭物不明-24	図上測量()
13219-0124-9.zip	筆	H000004884	F000004884	岩戸南	４丁目	無地番-166	図上測量()
13219-0124-9.zip	筆	H000005094	F000005094	岩戸南	１丁目	756-2	図上測量()
13220-0128-31.zip	筆	H000000056	F000000056	清原	１丁目	1-1	図上測量()
13220-0128-31.zip	筆	H000000075	F000000075	清原	１丁目	1221-1	図上測量()
13220-0128-41.zip	筆	H000000743	F000000743	蔵敷	２丁目	道-18	図上測量()
13220-0128-48.zip	筆	H000000156	F000000156	多摩湖	６丁目	2893-1	図上測量()
13220-0128-72.zip	筆	H000001253	F000001253	芋窪	４丁目	道-5	図上測量()
13220-0128-72.zip	筆	H000001269	F000001269	芋窪	４丁目	道-7	図上測量()
13221-0127-1.zip	筆	H000003011	F000003011	下清戸	２丁目	道-22	図上測量()
13221-0127-1.zip	筆	H000003297	F000003297	下清戸	２丁目	道-30	図上測量()
13221-0127-12.zip	筆	H000004222	F000004222	野塩	１丁目	道-17	図上測量()
13221-0127-12.zip	筆	H000004260	F000004260	野塩	２丁目	387-51	図上測量()
13221-0127-5.zip	筆	H000003737	F000003737	中清戸	１丁目	道-7	図上測量()
13221-0127-5.zip	筆	H000004235	F000004235	中清戸	１丁目	道-5	図上測量()
13221-0127-5.zip	筆	H000004949	F000004949	中清戸	４丁目	925-1	図上測量()
13221-0127-8.zip	筆	H000002339	F000002339	下宿	２丁目	405-1	図上測量()
13222-0127-18.zip	筆	H000003540	F000003540	幸町	２丁目	道-16	図上測量()
13222-0127-23.zip	筆	H000001051	F000001051	前沢	２丁目	1204	図上測量()
13222-0127-24.zip	筆	H000002148	F000002148	滝山	４丁目	50-2	図上測量()
13222-0127-24.zip	筆	H000002184	F000002184	滝山	１丁目	50	図上測量()
13222-0127-24.zip	筆	H000002189	F000002189	滝山	５丁目	50-1W1	図上測量()
13222-0127-24.zip	筆	H000002197	F000002197	滝山	３丁目	50W2	図上測量()
13222-0127-25.zip	筆	H000005063	F000005063	中央町	５丁目	道-52	図上測量()
13222-0127-26.zip	筆	H000004186	F000004186	南沢	１丁目	道-17	図上測量()
13222-0127-5.zip	筆	H000002097	F000002097	神宝町	２丁目	道-17	図上測量()
13223-0128-11.zip	筆	H000003968	F000003968	伊奈平	５丁目	道-52	図上測量()
13223-0128-15.zip	筆	H000008157	F000008157	大南	２丁目	168-3	図上測量()
13223-0128-9.zip	筆	H000003594	F000003594	本町	２丁目	道-23	図上測量()
13224-0124-102.zip	筆	H000000843	F000000843	一ノ宮	１丁目	15-13	測量成果(甲一)
13224-0124-102.zip	筆	H000000853	F000000853	一ノ宮	１丁目	道-1000	測量成果(甲一)
13224-0124-114.zip	筆	H000000648	F000000648	連光寺	２丁目	道-10	図上測量(甲一)
13224-0124-116.zip	筆	H000001363	F000001363	連光寺	３丁目	道-2-2	図上測量(甲一)
13224-0124-118.zip	筆	H000000854	F000000854	連光寺	６丁目	道-6	図上測量(甲一)
13224-0124-125.zip	筆	H000001085	F000001085	関戸	６丁目	道-42	図上測量(甲一)
13224-0124-126.zip	筆	H000001530	F000001530	桜ケ丘	１丁目	筆界未定地-48	()
13224-0124-131.zip	筆	H000000790	F000000790	一ノ宮	４丁目	道-1005	測量成果(甲一)
13224-0124-136.zip	筆	H000000696	F000000696	大字東寺方		879-1	測量成果(甲一)
13224-0124-46.zip	筆	H000000590	F000000590	大字落川		道-4	図上測量()
13224-0124-49.zip	筆	H000001867	F000001867	大字和田		道-27-2	図上測量()
13224-0124-49.zip	筆	H000001868	F000001868	大字和田		道-27	図上測量()
13224-0124-49.zip	筆	H000002247	F000002247	大字和田		道-36	図上測量()
13224-0124-61.zip	筆	H000000078	F000000078	永山	７丁目	14-2	測量成果(甲二)
13224-0124-61.zip	筆	H000000079	F000000079	永山	７丁目	14-4	測量成果(甲二)
13224-0124-64.zip	筆	H000000026	F000000026	貝取	３丁目	13-4	図上測量()
13224-0124-64.zip	筆	H000000028	F000000028	貝取	３丁目	19-2	図上測量()
13224-0124-64.zip	筆	H000000029	F000000029	貝取	３丁目	19-3	図上測量()
13224-0124-64.zip	筆	H000000039	F000000039	貝取	３丁目	13-2	図上測量()
13224-0124-80.zip	筆	H000000576	F000000576	聖ケ丘	２丁目	59-1	図上測量()
13224-0124-85.zip	筆	H000000059	F000000059	鶴牧	１丁目	14-1	測量成果(甲二)
13225-0124-10.zip	筆	H000000442	F000000442	大字坂浜		2614-1	図上測量()
13225-0124-2.zip	筆	H000000496	F000000496	若葉台	１丁目	長狭物不明-32	図上測量()
13225-0124-22.zip	筆	H000000340	F000000340	長峰	２丁目	31-2	測量成果(甲二)
13225-0124-27.zip	筆	H000002421	F000002421	大字大丸		618-1	図上測量()
13225-0124-27.zip	筆	H000002877	F000002877	大字大丸		長狭物不明-52	図上測量()
13225-0124-27.zip	筆	H000002984	F000002984	大字大丸		長狭物不明-443	図上測量()
13225-0124-28.zip	筆	H000001963	F000001963	大字大丸		1349-1	図上測量()
13225-0124-28.zip	筆	H000002070	F000002070	大字大丸		2231-1	図上測量()
13225-0124-30.zip	筆	H000005016	F000005016	大字東長沼		722-1	図上測量()
13225-0124-30.zip	筆	H000005264	F000005264	大字東長沼		長狭物不明-90-1	図上測量()
13225-0124-30.zip	筆	H000005613	F000005613	大字東長沼		長狭物不明-174	図上測量()
13225-0124-31.zip	筆	H000003487	F000003487	大字矢野口		3267-1	図上測量()
13225-0124-34.zip	筆	H000002335	F000002335	平尾	２丁目	41-56	図上測量()
13225-0124-9.zip	筆	H000001783	F000001783	大字坂浜		道-50	図上測量()
13227-0131-14.zip	筆	H000000843	F000000843	羽中	４丁目	道-19	図上測量()
13227-0131-145.zip	筆	H000000127	F000000127	双葉町	３丁目	1170-1	測量成果(甲二)
13227-0131-17.zip	筆	H000000838	F000000838	羽東	３丁目	道-11	図上測量()
13227-0131-2.zip	筆	H000000715	F000000715	羽		4191-1	図上測量()
13227-0131-31.zip	筆	H000000416	F000000416	川崎	２丁目	道-4	図上測量()
13227-0131-33.zip	筆	H000000405	F000000405	川崎	２丁目	道-7	図上測量()
13227-0131-45.zip	筆	H000000443	F000000443	川崎	１丁目	道-2	図上測量()
13228-0131-113.zip	筆	H000012880	F000012880	瀬戸岡		道-277	図上測量(甲三)
13228-0131-113.zip	筆	H000012932	F000012932	草花		道-98	図上測量(甲二)
13228-0131-113.zip	筆	H000012934	F000012934	草花		道-228	図上測量(甲二)
13228-0131-113.zip	筆	H000012997	F000012997	草花		道-179	図上測量(甲三)
13228-0131-113.zip	筆	H000013069	F000013069	草花		道-412	図上測量(甲二)
13228-0131-114.zip	筆	H000006110	F000006110	山田		道-100	図上測量(甲二)
13228-0131-114.zip	筆	H000006146	F000006146	伊奈		道-56	図上測量(甲三)
13228-0131-114.zip	筆	H000006231	F000006231	山田		道-107	図上測量(甲二)
13228-0131-16.zip	筆	H000002300	F000002300	戸倉		道-188	図上測量()
13228-0131-16.zip	筆	H000002313	F000002313	戸倉		道-193	図上測量()
13228-0131-21.zip	筆	H000000970	F000000970	五日市		道-83	図上測量()
13228-0131-21.zip	筆	H000000999	F000000999	五日市		道-2	図上測量()
13228-0131-23.zip	筆	H000000331	F000000331	五日市		道-73-1	図上測量()
13228-0131-24.zip	筆	H000001159	F000001159	三内		道-36	図上測量()
13228-0131-24.zip	筆	H000001183	F000001183	三内		道-21	図上測量()
13228-0131-50.zip	筆	H000000363	F000000363	下代継		680-9	図上測量()
13228-0131-6.zip	筆	H000001206	F000001206	乙津		道-288	図上測量()
13228-0131-71.zip	筆	H000000113	F000000113	下代継		164-1	図上測量()
13228-0131-72.zip	筆	H000000618	F000000618	瀬戸岡		425-48	図上測量()
13228-0131-86.zip	筆	H000000172	F000000172	油平		57-2	図上測量()
13228-0131-9.zip	筆	H000000487	F000000487	乙津		道-185	図上測量()
13228-0131-90.zip	筆	H000001552	F000001552	菅生		1078-6	図上測量()
13228-0131-95.zip	筆	H000000496	F000000496	切欠		1954-1	図上測量(甲三)
13229-0127-11.zip	筆	H000003716	F000003716	下保谷	３丁目	道-10	図上測量()
13229-0127-11.zip	筆	H000004760	F000004760	下保谷	３丁目	道-13	図上測量()
13229-0127-16.zip	筆	H000003753	F000003753	住吉町	１丁目	1622-1	図上測量()
13229-0127-19.zip	筆	H000005213	F000005213	泉町	３丁目	道-9	図上測量()
13229-0127-2.zip	筆	H000002421	F000002421	ひばりが丘北	３丁目	2584-1	図上測量()
13229-0127-26.zip	筆	H000003407	F000003407	柳沢	２丁目	49-2	図上測量()
13229-0127-6.zip	筆	H000002286	F000002286	北原町	１丁目	道-6	図上測量()
13229-0127-9.zip	筆	H000001871	F000001871	ひばりが丘	３丁目	1616-91	図上測量()
13303-0131-26.zip	筆	H000000366	F000000366	大字殿ケ谷		道-3-1	測量成果(甲二)
13303-0131-28.zip	筆	H000000802	F000000802	大字石畑		道-80	測量成果(甲二)
13303-0131-34.zip	筆	H000008642	F000008642	大字駒形富士山		226-1	図上測量(甲二)
13303-0131-34.zip	筆	H000009371	F000009371	大字駒形富士山		水-28	図上測量(甲二)
13303-0131-34.zip	筆	H000009673	F000009673	大字箱根ケ崎		道-153	図上測量(甲二)
13303-0131-34.zip	筆	H000009805	F000009805	大字高根		道-104	図上測量(甲二)
13303-0131-41.zip	筆	H000000398	F000000398	大字富士山栗原新田		161-1	測量成果(甲二)
13305-0131-12.zip	筆	H000000234	F000000234	大字大久野		5516-ｲ	図上測量()
13305-0131-3.zip	筆	H000000292	F000000292	大字大久野		道-393	図上測量()
13305-0131-33.zip	筆	H000000264	F000000264	大字大久野		道-581	測量成果(甲二)
13305-0131-35.zip	筆	H000003343	F000003343	大字平井		3957-4	図上測量(甲三)
13305-0131-36.zip	筆	H000002817	F000002817	大字平井		902-1	図上測量(甲二)
13305-0131-37.zip	筆	H000005058	F000005058	大字大久野		1721-1	図上測量(甲二)
13305-0131-37.zip	筆	H000005622	F000005622	大字大久野		970-11	図上測量(甲二)
13305-0131-42.zip	筆	H000000648	F000000648	大字大久野		5383-1	測量成果(甲二)
13307-0131-38.zip	筆	H000000645	F000000645			9391-1	図上測量()
13308-0131-107.zip	筆	H000000101	F000000101	留浦		2052-1W4	図上測量()
13308-0131-108.zip	筆	H000000852	F000000852	留浦		2091-1W5	図上測量()
13308-0131-108.zip	筆	H000000853	F000000853	留浦		2091-1W6	図上測量()
13308-0131-108.zip	筆	H000000861	F000000861	留浦		2127-7W2	図上測量()
13308-0131-108.zip	筆	H000000865	F000000865	留浦		2132-ｲ	図上測量()
13308-0131-108.zip	筆	H000000866	F000000866	留浦		2133-ｲ	図上測量()
13308-0131-109.zip	筆	H000000064	F000000064	留浦		2154-1W2	図上測量()
13308-0131-117.zip	筆	H000000603	F000000603	棚澤		道-137	図上測量()
13308-0131-118.zip	筆	H000000010	F000000010	日原		1030-59	図上測量()
13308-0131-119.zip	筆	H000000429	F000000429	日原		37-1	図上測量()
13308-0131-120.zip	筆	H000000970	F000000970	白丸		182-1	図上測量()
13308-0131-120.zip	筆	H000000976	F000000976	白丸		273-1	図上測量()
13308-0131-121.zip	筆	H000001634	F000001634	氷川		1359-1	図上測量()
13308-0131-127.zip	筆	H000000478	F000000478	大丹波		196-1	測量成果(甲三)
13308-0131-18.zip	筆	H000000893	F000000893	境		932-1	図上測量()
13308-0131-19.zip	筆	H000000116	F000000116	境		1083-1W1	図上測量()
13308-0131-19.zip	筆	H000000117	F000000117	境		1083-1W2	図上測量()
13308-0131-2.zip	筆	H000000236	F000000236	河内		54W3	図上測量()
13308-0131-22.zip	筆	H000000761	F000000761	境		757-1	図上測量()
13308-0131-24.zip	筆	H000000481	F000000481	境		23-2	図上測量()
13308-0131-48.zip	筆	H000000317	F000000317	川野		756-ｲ	図上測量()
13308-0131-51.zip	筆	H000000367	F000000367	川野		1521-1	図上測量()
13308-0131-7.zip	筆	H000001036	F000001036	海澤		道-12	図上測量()
13308-0131-70.zip	筆	H000001096	F000001096	棚澤		688-ｲ	図上測量()
13308-0131-70.zip	筆	H000001101	F000001101	棚澤		828-1	図上測量()
13308-0131-70.zip	筆	H000001174	F000001174	棚澤		687	図上測量()
13308-0131-70.zip	筆	H000001256	F000001256	棚澤		道-152	図上測量()
13308-0131-73.zip	筆	H000000229	F000000229	日原		616W1	図上測量()
13308-0131-79.zip	筆	H000000410	F000000410	氷川		10-3	図上測量()
13308-0131-8.zip	筆	H000001409	F000001409	海澤		道-133	図上測量()
13308-0131-80.zip	筆	H000000056	F000000056	氷川		603-1W14	図上測量()
13308-0131-91.zip	筆	H000000762	F000000762	氷川		513	図上測量()
13308-0131-92.zip	筆	H000000801	F000000801	留浦		179-ﾆ	図上測量()
13361-0100-14.zip	筆	H000000113	F000000113	差木地		1039-70	図上測量(乙一)
13361-0100-15.zip	筆	H000001287	F000001287	野増		道-457	図上測量(乙一)
13361-0100-16.zip	筆	H000006961	F000006961	差木地		712-2	図上測量(乙一)
13361-0100-16.zip	筆	H000007128	F000007128	差木地		774-5	図上測量(乙一)
13361-0100-16.zip	筆	H000007158	F000007158	差木地		622-3	図上測量(乙一)
13361-0100-17.zip	筆	H000002121	F000002121	元町		276-1	図上測量(乙一)
13361-0100-18.zip	筆	H000002725	F000002725	泉津		756-1	図上測量(乙二)
13361-0100-18.zip	筆	H000002778	F000002778	泉津		334-2	図上測量(乙二)
13361-0100-21.zip	筆	H000006497	F000006497	元町		7-3	図上測量(乙一)
13361-0100-21.zip	筆	H000006570	F000006570	元町		31-9	図上測量(乙一)
13361-0100-21.zip	筆	H000006585	F000006585	元町		32-5	図上測量(乙一)
13364-0100-10.zip	筆	H000009386	F000009386			8-1	図上測量(乙一)
13364-0100-10.zip	筆	H000009391	F000009391			107-1	図上測量(乙一)
13364-0100-10.zip	筆	H000009528	F000009528			31-1	図上測量(乙一)
13364-0100-11.zip	筆	H000000038	F000000038			7-1	測量成果(乙二)
13364-0100-7.zip	筆	H000000540	F000000540			1-1	図上測量(乙二)
13364-0100-7.zip	筆	H000000554	F000000554			2-1	図上測量(乙二)
13364-0100-8.zip	筆	H000000497	F000000497			262-1	図上測量(乙二)
13364-0100-8.zip	筆	H000000562	F000000562			77-1W2	図上測量(乙二)
13364-0100-8.zip	筆	H000000563	F000000563			77-12	図上測量(乙二)
13364-0100-8.zip	筆	H000000577	F000000577			231-1W2	図上測量(乙二)
13364-0100-8.zip	筆	H000000578	F000000578			1-1W2	図上測量(乙二)
13364-0100-9.zip	筆	H000001658	F000001658			136-1	図上測量(乙二)
13381-0100-2.zip	筆	H000001382	F000001382	伊ケ谷		324-1	図上測量(乙一)
13381-0100-3.zip	筆	H000003290	F000003290	神着		2430-1	図上測量(乙一)
13381-0100-4.zip	筆	H000012294	F000012294	神着		162-2	図上測量(乙一)
13381-0100-4.zip	筆	H000012357	F000012357	神着		2464	図上測量(乙一)
13381-0100-4.zip	筆	H000012418	F000012418	神着		2438	図上測量(乙一)
13381-0100-4.zip	筆	H000012436	F000012436	坪田		1306-1	図上測量(乙二)
13381-0100-4.zip	筆	H000012924	F000012924	坪田		道-37	図上測量(乙二)
13381-0100-4.zip	筆	H000012965	F000012965	坪田		道-34	図上測量(乙二)
13382-0100-5.zip	筆	H000000566	F000000566			1609-1	図上測量(乙二)
13401-0100-1.zip	筆	H000003751	F000003751	中之郷		道-428	図上測量(乙二)
13401-0100-1.zip	筆	H000003767	F000003767	中之郷		道-413	図上測量(乙二)
13401-0100-1.zip	筆	H000003817	F000003817	中之郷		2872-1	図上測量(乙二)
13401-0100-3.zip	筆	H000003731	F000003731	末吉		1529-1	図上測量(乙二)
13401-0100-4.zip	筆	H000008781	F000008781	大賀郷		5447-4	図上測量(乙二)
13401-0100-4.zip	筆	H000009045	F000009045	大賀郷		道-68	図上測量(乙二)
13401-0100-4.zip	筆	H000009221	F000009221	大賀郷		道-92	図上測量(乙二)
13401-0100-5.zip	筆	H000001034	F000001034	大賀郷		道-102	図上測量(甲三)
13401-0100-5.zip	筆	H000001069	F000001069	大賀郷		道-117	図上測量(甲三)
13401-0100-7.zip	筆	H000010098	F000010098	三根		1759-1	図上測量(乙二)
13401-0100-7.zip	筆	H000010102	F000010102	三根		道-280	図上測量(乙二)
13421-0100-14.zip	筆	H000000201	F000000201	父島		道-1	測量成果(甲三)
13421-0100-2.zip	筆	H000000244	F000000244	硫黄島		5-2	図上測量()
13421-0100-4.zip	筆	H000000388	F000000388			地区外-67372	図上測量()
13421-0100-7.zip	筆	H000001011	F000001011	母島		無地番-7002	図上測量()
